N;Savol;Javob1;Javob2;Javob3;Javob4;
1;Что отражается в балансе текущих операций?;Торговый баланс, баланс услуг, односторонние переводы;Торговый баланс, баланс услуг, односторонние переводы, чистые инвестиции из-за рубежа;Баланс услуг, односторонние переводы, чистые кредиты из-за рубежа;Торговый баланс, баланс услуг, односторонние переводы, чистые кредиты из-за рубежа
2;Глобальная миграция рабочей силы из одного места в другое называется...;Международная трудовая миграция;Экономическая интеграция;Международное разделение труда;Международная миграция занятости
3;Глобализация мировой экономики;представляет собой превращение мирового пространства в единую территорию, и в ней происходит свободное движение потоков товаров и услуг, капитала, информации.;означает усиление мер, направленных на защиту национальной экономики всеми странами;является лишь понятием, представляющим финансовые отношения в рамках народного хозяйства;представляет собой систему мер, направленных на ограничение свободы передвижения товаров, услуг и капитала в мировом масштабе
4;С чего начинается развитие валютного рынка?;Вексельные ярмарки;Валютные опционы;Внебиржевые отношения;Валютные биржи
5;Валютная система это…;Включает формы организации и управления валютными отношениями в соответствии с межгосударственным соглашением или национальным законодательством.;регулирование деятельности коммерческих банков в развивающихся странах;Отношение национальных компаний к влиянию мировой экономической системы в результате повышения их экономической устойчивости и увеличения объема международных операций;Производственные, торговые, политические и иные отношения конкретной страны с другими странами на основе международного разделения труда, специализации науки и производства, а также других факторов.
6;Какие существуют режимы обменного курса?;Режим свободного плавания, режим фиксированного курса, режим контролируемого плавания;Строго определенный режим курса, контролируемый режим плавания;Режим свободного плавания, режим фиксированного курса;Режим свободного плавания, режим фиксированного курса, режим контролируемого плавания, режим кросс-курса
7;Современная международная финансовая система …;это эффективно организованная форма глобальных валютных отношений, которая регулируется договорами, заключаемыми между различными странами;это система, направленная на защиту национальных экономик от изменений в мировом хозяйстве;мировая денежная система, служащая выражением валютных отношений;система сдерживания развития международных торговых отношений
8;В деятельности какого учреждения чаще всего используются операции валютного свопа?;Центральный Банк;Коммерческие банки;Кредитный союз;Валютная биржа
9;Для какой системы характерен стандарт экю? ;Европейская валютная система;Европейский экономический и валютный союз;Генуэзская валютная система;Бреттон-Вудская валютная система
10;Оценка единицы национальной валюты по отношению к иностранной валюте…;называется косвенной котировкой ;называется прямой котировкой;называется кросс-курс;называется спот-курс
11;Какой международный кредит называется заемной средствой, выделяемый банками разных стран одной и той же организации для реализации крупного проекта.;синдицированные кредиты;интегрированный кредит;совокупный кредит;совместное кредитование
12;К какому из перечисленных относится понятие спотового обменного курса?;По цене немедленного обмена валюты;К спросу и предложению валютного курса;Плавающий обменный курс;Курс продавца
13;В какие годы действовала Генуэзская мировая валютная система?;1922-1929 годы;1944-1972 годы;1867-1914 годы;1891-1925 годы
14;В какой период мировой валютной системы закладывается фундамент современного валютного рынка?;Ямайская валютная система;Парижская валютная система ;Бреттон-Вудская валютная система ;Генуэзская валютная система
15;Показать мировую валютную систему, в которой официально завершен процесс демонетизации золота?;1976 год Ямайка;1922 год Генуэя;1944 год Бреттон-Вудс;1867 год Париж
16;Что вы понимаете под демонетизацией золота?;прекращение использования золота в качестве международного платежного средства;установление золотого содержания национальных валют;использование золота в качестве обеспечения в международных кредитных отношениях;установление строго определенной мировой цены на золото
17;"Сколько этапов проходит золотомонетный стандарт""?";3;2;5;4
18;В какой системе золото сохранило свою последнюю денежную функцию?;Бреттон-Вудская валютная система;Ямайская валютная система;Золото еще не сохранило свою последнюю денежную функцию;Генуэзская валютная система
19;Процесс постепенного лишения золота выполнения функций денег называется ...;Демонетизация;Ремопитизация;Премонизация;Дефиляция
20;Что заставило парижскую валютную систему рухнуть?;Начало первой мировой войны и нехватка денежных средств;Повышение статуса денежных отношений в Версальском мирном договоре;Начало мирового финансового кризиса;Накопление большого количества золотых запасов
21;На сколько типов делится валютный риск?;3 типа;2 типа;5 типа;4 типа
22;Что считается очень ограниченной и специфической формой валютного риска?;Операционный валютный риск;Обмен валюты;рационализация;Политический риск
23;Укажите тип операции с самым высоким уровнем валютного риска?;Спот;Форвард;Валютный опцион;Валютный фючерс
24;Транснациональные корпорации – это …;Материнская компания с филиалами, расположенными по всему миру, принадлежащими капиталу одной страны;Компании, предоставляющие транспортные услуги;Компании, работающие только на территории одной страны;Компании, предоставляющие финансовые услуги
25;Многонациональные компании –это…;материнская компания принадлежит капиталам двух и более стран с зарубежными отделениями, расположенными в разных странах;корпорации, которые специализируются только на производстве одного вида продукции и принадлежат одной стране;корпорации, работающие в рамках национальной экономики;Материнская компания с филиалами, расположенными по всему миру, принадлежащими капиталу одной страны
26;В какой строке правильно указаны основные критерии, относящиеся к ТНК;доля зарубежных активов превышает 25%, а годовой объем продаж не должно быть меньше 1 млрд долларов;доля зарубежных активов превышает 10%, а годовой объем продаж не должно быть меньше 5 млрд долларов;отсутствие филиалов за рубежом, годовой доход должно быть больше 2 млрд долларов;иметь не более трех филиалов за рубежом и иметь долю активов за рубежом менее 15%
27;В каком ответе правильно указаны типы интеграции компаний;горизонтальное, вертикальное, параллельное и конгломеративное слияние;горизонтальное, случайное, параллельное и конгломеративное слияние;вертикальное, смешанное, параллельное и конгломеративное слияние;горизонтальное, вертикальное, параллельное и привилегированное слияние
28;Что можно включить в специальные инструменты повышения конкурентоспособности транснациональных корпораций;слияния и поглощения, стратегические альянсы и аутсорсинг;слияния и поглощения, стратегические альянсы, финансовые центры;расширение зарубежных филиалов, увеличение объема активов;развитие слияния конгломерата, увеличивать объемы продаж и уровень капитализации
29;Что представляет собой индекс транснационализации?;представляет собой участие корпораций в процессе производства продукции и услуг за рубежом.;представляет собой участие корпораций в производственном процессе в основной стране;транснациональные корпорации представляют степень увеличения числа филиалов;используется для определения уровня капитализации корпораций
30;Определите правильный ответ,где даётся основные виды международных интеграционных объединений?;Зона свободной торговли, единый таможенный союз, общий рынок, экономические союзы;Зона свободной торговли, единый таможенный союз, инвестиционные институты, экономические союзы;Зона свободной торговли, единый таможенный союз, общий рынок, международные финансовые организации;СНГ, единый Таможенный союз, общий рынок, экономические союзы
31;Основой чего является золото и резервные валюты, обмениваемые на золото?;Золотодевизный стандарт;Золотомонетный стандарт;Стандарт специальных прав заимствования;Многовалютный стандарт
32;Международная экономическая интеграция –;по взаимному согласию двух и более стран, он состоит из группы, созданной путем отмены пошлин и других ограничительных мер при взаимной торговле продуктами, произведенными в этих странах.;процесс наложения ограничений на отношения между странами, связанные с перемещением товаров, услуг и капитала.;процесс регулирования взаимных финансовых отношений национальных хозяйств;является понятием, обозначающим внешние финансовые отношения предприятий, действующих в народном хозяйстве
33;Цель международной экономической интеграции –…;в перспективе предполагается создание благоприятных условий для свободного перемещения товаров, услуг и факторов производства;является защитой национальных экономик от воздействия факторов внешней среды;страны должны избегать дефицита платежного баланса и устранять его;в перспективе предполагается создание барьеров, влияющих на свободное перемещение товаров, услуг и факторов производства
34;Таможенный союз –;взаимная договоренность двух или нескольких государств об отмене взаимных границ по пошлинам и введении единого таможенного тарифа.;является взаимным соглашением двух или нескольких государств относительно введения налогов;это просто соглашение о развитии торговли между двумя странами;Союз, регулирующий широкое привлечение инвестиций в развитие производства на основе взаимного согласия стран
35;Какие факторы влияют на экономическую интеграцию;все более развивающиеся процессы интернационализации и глобализации в мировом хозяйстве, развитие международных торговых отношений, углубление международного разделения труда, повышение уровня открытости национальных экономик;применение протекционистских мер мировыми хозяйствами, углубление экономического кризиса, замедление международного разделения труда, повышение уровня открытости национальных экономик;все более развивающиеся процессы интернационализации и глобализации в мировом хозяйстве, ослабление международных торговых связей, углубление международного разделения труда, повышение уровня защиты внутренних рынков национальными экономиками;процессы глобализации, финансовые кризисы, увеличение капитала банков, повышение уровня международного налогообложения
36;На сколько процентов увеличение внешнего долга по отношению к ВВП страны приведет к ухудшению состояния платежного баланса?;60;40;50;55
37;В каком договоре прописано формирование европейского валютного экономического союза?;Мастрихт;Вена;Генуя;Париж
38;Валюта без ограничений обменивается на любые иностранные валюты;Свободно конвертируемая;Замкнутая;Неконвертируемая;Частично конвертируемая
39;В чем в основном заключается международный банковский кредит;В виде валюты (денег);В виде валюты (денег) и товара;В виде товара;В виде золота
40;Какая ситуация возникает в результате падения курса доллара на валютных рынках;экспорт США становится дешевле для иностранных граждан;Товары, импортируемые в США, становятся дешевле для американских граждан;доллар на зарубежных рынках будет иметь высокую покупательную способность;экспорт США становится дороже для иностранных граждан
41;Определите строку, в которой полностью перечислены инструменты политики девиза;валютные интервенции, девальвация, ревальвация и диверсификация валютных резервов;девальвация, ревальвация, диверсификация процентных ставок и валютных резервов;валютные интервенции, девальвация и процентная ставка;процентная ставка, валютные интервенции, ревальвация и диверсификация валютных резервов
42;СДР - это …;Международный валютный фонд используется в качестве платежных единиц и при осуществлении международных безналичных расчетов путем записи на специальных счетах.;Валютная единица  Европейского союза;Основная форма кредитования Международным валютным фондом;Международный валютный фонд используется в качестве платежных единиц и при осуществлении международных расчетов наличными деньгами путем записи на специальных счетах
43;Какой системный продукт является специальным долговым правом СДР?;Ямайская валютная система;Европейская валютная система;Бреттон-Вудская валютная система;Генуэзская валютная система
44;С каких пор поступило в обращение специальное долговое право СДР?;с 1969 года;с 1968 года;с 1944 года;с1970 года
45;Реформа международной финансовой системы –;устранение структурных проблем сопровождается, в частности, решением вопроса обеспечения устойчивости финансовой системы;осуществляется борьба с финансовым кризисом ;осуществляется через координацию деятельности транснациональных корпораций;это достигается за счет увеличения объема кредитов, предоставляемых международными финансовыми учреждениями
46;Операционная лизинг -;предприятия заключают договор на использование оборудования, не приобретая права собственности на него;фирма, арендующая оборудование, затем покупает его полностью по остаточной стоимости.;предприятия, получив право собственности на оборудование, заключают договор на его использование.;фирма, арендующая оборудование, затем покупает его полностью по первоначальной стоимости.
47;Под финансовой арендой называется;фирма, арендующая оборудование, затем покупает его полностью по остаточной стоимости.;предприятия, получившие право собственности на оборудование, называются в договоре его использования.;фирма, арендующая оборудование, затем покупает его полностью по первоначальной стоимости.;в договоре говорится, что предприятия должны использовать оборудование, не приобретая права собственности на него.
48;На какой счет в первую очередь зачисляется валюта от продажи продукции?;На транзитный счет;На забалансовый счет;На счет;На основной валютный счет
49;Что такое ставка Libor?;Лондонская межбанковская ставка;Процентная ставка, установленная на Лондонской валютной бирже;Процентная ставка Центрального банка Лондона;Фиксированная процентная ставка по вкладам в лондонских банках
50;Система, являющаяся промежуточным элементом национальной и мировой валютных систем и служащая для интеграции территориальной группы стран, называется...;Территориальная валютная система;Переферильная валютная система;Национальная валютная система;Мировая валютная система
51;В каком году был введен евро, валюта Европейского валютного союза?;в 1999 году;в 2000 году;в 2002 году;в 1989 году
52;Какие виды гарантий широко используются в экспортно-импортных операциях;Опосредованная гарантия;Подтвержденная гарантия;Правильные гарантии;Государственные гарантии
53;Обесценивание национальной валюты по отношению к иностранным валютам или международным расчетным единицам…;девальвация;ревальвация;Валютный арбитраж;Валютный диллинг
54;Валюта платежа -;валюта, в которой должны быть урегулированы обязательства импортера (или заемщика).;валюта, в которой выражается цена товара.;валюта развитых стран.;валюта, в которой должны быть урегулированы обязательства экспортера (или заемщика).
55;Операция по обмену валюты в течение двух рабочих дней, исключая день операции, считается…;опирация спот;опирация своп;опирация форвард;Срочные валютные операции
56;Какие бывают валютные позиции?;Октрытый и закрытый;Закрытые, длинные и короткие;Активные и пассивные;Долгосрочные и краткосрочные
57;Найдите ответ, в котором перечислены типы вариантов?;call-опцион, put-опцион;Привелигерованный опцион;Спред опцион;Опцион продаж
58;Что такое спред?;Разница в котировках покупателя — это рассчитанная разница между ценой продавца и ценой продавца.;Конверсия ;Прибыль ;Дивиденд
59;Как называются операции по торговле валютой в коммерческих банках и на биржах?;Валютный диллинг;Конверсия ;Инфляция ;Нулификация 
60;Мировая финансовая архитектура -;институциональная структура международной финансовой системы, определяющая функциональные отношения и образующая ее структурные элементы;это лишь понятие, представляющее финансовые отношения внутри народного хозяйства;это понятие, которое представляет собой внутренние финансовые отношения на предприятиях;понятие, представляющее финансовые отношения между коммерческими банками и населением
61;Что такое дефляционная политика?;Эта политика направлена ​​на сокращение внутреннего спроса, замораживание расходов бюджета, цен и заработной платы, направленных в первую очередь на граждан.;В платежном балансе это означает, что поступления превышают платежи.;Означает сумму мероприятий, направленных на покрытие дефицита платежного баланса.;В платежном балансе это означает, что платежи превышают поступления
62;Что отражается в текущем балансе счета?;Торговый баланс, баланс услуг, односторонние переводы;Торговый баланс, баланс услуг, односторонние трансферты, чистые иностранные инвестиции;Баланс услуг, односторонние переводы, чистые кредиты, полученные из-за границы;Баланс услуг, неодносторонние переводы, чистые кредиты, полученные из-за границы
63;Определить полный спектр инструментов валютной политики?;валютные интервенции, девальвация, переоценка и диверсификация валютных резервов;девальвация, переоценка, процентная ставка и диверсификация валютных резервов;валютная интервенция, девальвация и процентная ставка;процентная ставка, валютная интервенция, переоценка и диверсификация валютных резервов
64;Как сохранение реального обменного курса на высоком уровне влияет на экономический рост?;Замедлица ;Не повлияет;Ускорит ;Остановится 
65;Стимулирующая денежно-кредитная политика в условиях открытой экономики с плавающим обменным курсом:;приводит к уменьшению дохода;не приводит к уменьшению дохода;в зависимости от уровня мобильности капитала может привести к увеличению или снижению уровня доходов;может привести к снижению доходов независимо от уровня мобильности капитала
66;Что из следующего относится к конвертации валюты государством по любому рыночному курсу?;Система плавающего курса;Система ползучего курса;Система не плавающего курса;Система фиксированного курса
67;Кто разрабатывает платёжный баланс в Узбекистане?;Центральный Банк Рузб;Правительство Рузб;Министерство экономики и финансов;МВФ
68;Найдите ответ, соответствующий определению: Какова цена валютного курса, выраженная в единицах национальной валюты?;Валютный курс;Крузейро;Реал;Евродоллар
69;Валютная система – это форма организации валютных отношений, регулируемая:;Национальным законодательством ;Банковскими традициями и обычаями;Только Международным валютным фондом;нет верного ответа
70;Маркетмейкеры –;это финансовые организации, которые регулярно котируют курсы покупки и продажи различных валют и заключают по ним контракты.;финансовые организации, занимающиеся торговлей валютой;финансовые организации, устанавливающие процентные ставки по валютам;валютная инфляция
71;Что такое форвардный курс?;Быстрый обменный курс;Не быстрый обменный курс;Инфляционный курс;Кредитный курс
72;Известно, что снижение обменного курса приводит к увеличению цены импорта. Как это повлияет на национальную экономику?;увеличивает спрос на товары и услуги, производимые в национальной экономике;снижает спрос на товары и услуги, производимые в национальной экономике;будет стимулировать увеличение импорта;не оказывает существенного влияния
73;Каков платежный баланс?;Отношение фактических платежей страны в иностранной валюте к ее поступлениям из других стран;Соотношение требований и обязательств страны перед зарубежными странами;Только соотношение платежей и поступлений, связанных с международным кредитом, фактически произведенным;Соотношение между ценой золотовалютных резервов и ценой золотовалютных резервов
74;Найдите тип рынка, который является частью международного и национального финансового рынка, на котором кредитные и долговые операции осуществляются в евро?;рынок евро;рынок рублей;рынок юаня;рынок сума
75;Что представляет собой выпуск ценных бумаг на основании данного кредитного обеспечения?;секьюритизация кредита;несекьюритизация кредита;секьюритизация валюты;секьюритизация займа
76;Является ли в международной практике стандартным видом лизинга, когда компания, сдающая оборудование в лизинг, в дальнейшем выкупает его полностью по остаточной стоимости?;Финансовый лизинг;нефинансовый лизинг;Долговой лизинг;Форфейтинговый  лизинг
77;Показать наиболее невыгодный аспект аккредитива для импортера;Оплата производится заранее, возможности проверить качество товара мало;Нет недостатка;Документы бенефициара приходят с опозданием;Банк действует от собственного имени
78;Укажите недостаток, характерный для документированного аккредитива;Размер комиссии высок;Сложно контролировать качество товара;Оплата не гарантирована;Оплата гарантирована
79;Какой банк отвечает за своевременную оплату по документарному инкассо?;Ни один банк не несет ответственности;Один банк несет ответственности;Два банка не несут ответственности;Пять банков не несут ответственности
80;Количественные методы регулирования внешней торговли;технические барьеры, санитарные нормы, внутренние налоги, госзакупки местных товаров;тарифная квота, ввозная пошлина;субсидия, демпинг, кредитование;квота, лицензирование, КЭЧ
81;Что такое концессионные соглашения?;это договоры, заключенные на добычу и использование природных ресурсов и некоторых полезных ископаемых.;контракты, направленные на финансирование инвестиционных проектов;договоры на осуществление лизинговых операций;договоры купли-продажи валютных активов
82;Демпинг –;Это финансовый метод торговой политики, который заключается в экспорте товаров на внешний рынок по ценам ниже обычных цен, существующих в стране.;является производной формой любого финансового рычага.;Учетная ставка — процентная ставка по кредитам, выдаваемым Центральным банком коммерческим банкам путем пересчета находящихся в их распоряжении векселей.;относится к политике государственных органов по влиянию на курс национальной валюты путем продажи или покупки иностранной валюты.
83;Активный платежный баланс -;в платежном балансе сумма доходов превышает сумму платежей.;в платежном балансе сумма платежей превышает сумму поступлений.;в платежном балансе сумма поступлений равна сумме платежей.;сумма экспортной выручки не учитывается в торговом балансе.
84;Каковы принципы международного кредита?;возвратность, зрелость, платежеспособность, материальная обеспеченность, целеустремленность;зрелость, платежеспособность, материальная обеспеченность, целеустремленность;возвратность, своевременность, материальное обеспечение, целеустремленность;возвратность, срок погашения, платежеспособность, материальное обеспечение
85;Сколько функций выполняет международный кредит?;3;2;4;5
86;Пассивный платежный баланс -;сумма поступлений равна сумме платежей.;сумма импортной выручки не учитывается в торговом балансе;сумма выплат равна сумме поступлений.;Все ответы верны
87;Спекулянты –;участники, которые намерены получить прибыль от разницы курсов финансовых инструментов.;участники, которые намерены получить прибыль от разницы курсов финансовых инструментов.;операции, по которым валюта поступает в течение двух рабочих дней после заключения валютной сделки.;компании, основная компания которых принадлежит столице одной страны, а филиалы разбросаны по всему миру.
88;Когда Узбекистан стал членом Азиатского банка развития (АБР)?;1995 г.;1993 г.;1994 г.;1992 г.
89;Когда Узбекистан стал членом Европейского банка реконструкции и развития (ЕБРР)?;1992 г.;1993 г.;1994 г.;1991 г.
90;Внешнеэкономическая деятельность означает -;Под совокупными практическими усилиями государственных органов, юридических и физических лиц Республики Узбекистан, направленными на установление взаимовыгодного сотрудничества и развитие такого сотрудничества с зарубежными странами, их юридическими и физическими лицами и международными организациями.;экономическое, общественно-политическое и культурное объединение стран на основе развития устойчивых отношений между национальными хозяйствами и разделения труда.;процесс регулирования взаимных финансовых отношений национальных экономик;процесс введения ограничений на отношения между странами, связанные с движением товаров, услуг и капитала
91;Показать основной правовой документ, регулирующий внешнеэкономическую деятельность Республики Узбекистан;Закон «О внешнеэкономической деятельности».;Закон «О валютном регулировании».;Закон «Об иностранных инвестициях».;"Закон ""О тарифах""."
92;Когда Республика Узбекистан стала членом Международного валютного фонда?;1992 г. 21 сентября;1984 г. 21 ноября;1989 г. 21 октября;1999 г. 25 декабря
93;Квота - это государственное ограничение экспорта - импорта...;количеством и суммой;Пошлинами;антимонопольным регулированием;налогами
94;Наибольшая степень интернационализации характерна для -;товарного производства;Торговли;сферы услуг;финансовой сферы.
95;Для современной мировой практики характерна тенденция:;к удлинению сроков международных кредитов;сохранению сроков международных кредитов на сложившемся уровне;непредсказуемых колебаний сроков международных кредитов.;сокращению сроков международных кредитов
96;Признаком наступления кризиса внешней задолженности обычно служит …;нарушение графика погашения кредитов и займов;превышение объема импорта над экспортом;девальвация национальной валюты;количество взятых кредитов
97;Спекулятивные операции на мировом финансовом рынке:;увеличивают его ликвидность и ценовую стабильность;уменьшают его ликвидность и ценовую стабильность;увеличивают его ликвидность и уменьшают ценовую стабильность;уменьшают его ликвидность и увеличивают ценовую стабильность.
98;В условиях финансовой глобализации взаимозависимость стран мира:;Растет, изменяется непредсказуемым образом.;снижается;остается неизменной;нарастет
99;В условиях финансовой глобализации устойчивость финансовых рынков развивающихся стран:;увеличивается;остается неизменной;уменьшается;изменяется непредсказуемым образом.
100;Первым ввел в употребление термин “глобализация” …;Т.Левит;В.Жириновский;Ф.Энгельс;К.Маркс
101;Последствиями финансовой глобализации для мирового финансового рынка являются:;диверсификация обращающихся на рынке инструментов;повышение роли биржевого рынка;увеличение числа участников;рост затрат на обслуживание корпоративной задолженности
102;В условиях финансовой глобализации конкуренция на внутренних рынках финансовых услуг:;изменяется непредсказуемым образом.;увеличивается;уменьшается;остается неизменной
103;В условиях экономической глобализации доля финансовых инвестиций в общем объеме мировых инвестиций:;снижается;Остается неизменным;изменяется непредсказуемым образом.;растет
104;К последствиям глобализации относятся все перечисленные, кроме…;сокращения наукоемкого производства;углубления международного разделения труда и специализации под воздействием международной конкуренции;увеличения производства на предприятиях ТНК;ускорения внедрения новых технологий 
105;Показателем степени экономической глобализации является:;доля глобальных телекоммуникаций в общем объеме мировых телекоммуникаций;все перечисленное.;доля англоязычных материалов в общем объеме печатной продукции;доля международной торговли в мировом ВВП
106;В условиях современной финансовой глобализации наибольшими темпами растут обороты:;рынка производных финансовых инструментов.;кредитного рынка;рынка акций;рынка облигаций
107;В условиях экономической глобализации доля прямых иностранных инвестиций в общем объеме мировых инвестиций:;растет;снижается;изменяется непредсказуемым образом.;Остается неизменным
108;Валютный своп-это;комбинация двух противоположных конверсионных сделок на одинаковую сумму с разными датами валютирования;комбинация  более двух противоположных конверсионных сделок на одинаковую сумму с разными датами валютирования;комбинация двух противоположных конверсионных сделок на разную  сумму с одинаковыми  датами валютирования;комбинация двух противоположных конверсионных сделок на разную  сумму с разными датами валютирования
109;Датой валютирования применительно к споту называют;дата исполнения более близкой сделки;дата исполнения более удаленной по сроку обратной сделки;датой окончания свопа;датой начала  более удаленной по сроку обратной сделки
110;Увеличение кредитного рейтинга страны ведет: ;снижению процентных ставок по кредитам, предоставляемым резидентам данной страны;сохранению процентных ставок по кредитам, предоставляемым резидентам данной страны;непредсказуемым изменениям процентных ставок по кредитам, предоставляемым резидентам данной страны.;к росту процентных ставок по кредитам, предоставляемым резидентам данной страны
111;1 долл. = 30 сум. Это:;косвенная котировка сума и доллара;прямая котировка сума и доллара;прямая котировка сума и косвенная доллара;прямая котировка доллара и косвенная сума.
112;Валютный курс выражает:;пропорцию обмена данной валюты на другие;полезность валюты;покупательную способность валюты;некоторую социальную условность.
113;Аббревиатурой ОТС обозначается:;текущий валютный рынок.;срочный валютный рынок;биржевой валютный рынок;внебиржевой валютный рынок
114;Для прогнозирования валютных курсов в долгосрочной перспективе эффективнее:;все три метода равно эффективны.;графический анализ;анализ трендов;фундаментальный анализ
115;Валютный риск, возникающий на международном валютном рынке, определяется;вероятностью неблагоприятного изменения валютных курсов.;вероятностью неблагоприятного изменения валютных рисков.;финансового рейтинга данного финансового института ;Нет правильного ответа
116;Наибольшим уровнем риска характеризуются операции сле¬дующей категории участников международного финансового рынка:;спекулянты-трейдеры;арбитражеры;посредники;хеджеры.
117;Для оценки финансовых рисков международного финансового рынка исключительно важен такой показатель, как ;как ожидаемый возврат инвестированного капитала ;как ожидаемый доход инвестированного капитала ;как ожидаемый приход инвестированного капитала ;Нет правильного ответа
118;Какое из нижеперечисленных понятий означает физическое или юридическое лицо, уплачивающее денежные (страховые) взносы и имеющее право по закону или на основе договора получить денежную сумму  при наступлении страхового случая?; Страхователь;Застрахованный;Страховой случай;Страховщик
119;При усилении инфляционных ожиданий в Узбекистане  курс нац. валюты к ведущим мировым валютам:;возрастет;уменьшится;не изменится;изменится непредсказуемым образом.
120;Какая из нижеперечисленных категорий представляет собой страховую премию, которую страхователь сразу уплачивает страховщику за весь период страхования вперед?; Годичный взнос;Текущий взнос;Единовременный взнос;Натуральная премия
121;Какая из нижеперечисленных экономических категорий представляет собой совокупность особых замкнутых перераспределительных отношений между его участниками по поводу формирования за счет денежных взносов целевого страхового фонда, предназначенного для возмещения возможного ущерба, нанесенного субъектам хозяйствования, или выравнивания потерь в семейных доходах в связи с последствиями происшедших страховых случаев?; Страхование;Финансы;Налоги;Бюджет
122;Наибольшим уровнем риска характеризуются операции сле¬дующей категории участников международного финансового рынка:;больше, чем у опосредованных;меньше, чем у опосредованных;такие же, как у опосредованных;непредсказуемым образом отличаются от затрат опосредо¬ванных.
123;При оценке финансовых рисков по группам, возникающим в конкретном секторе международного финансового рынка, одно из первых мест по степени рискованности занимают?;риски на между¬народном валютном рынке.;риски на между¬народном валютном фонде.;риски на между¬народном валовым рынке.;риски на между-народном внутренем рынке.
124;В каком виде определяется долгосрочное финансирование международной компании?;от инвесторов (через покупку ими акций и облигаций), от кредиторов (в форме банковского кредита или размещения долгосрочных ценных бумаг — облигаций;от лизингадателов (в форме банковского лизинга или размещения долгосрочных ценных бумаг — облигаций).;обеспечивает органическую связь между страховщиком и страхователем;нету правильного ответа
125;К основным критериям ООН, по которым предприятию присваивается статус ТНК (транснациональная корпорация), относится то, что …;годовой оборот должен быть не менее 1 млрд. долл. США ;филиалы должны располагаться не менее чем в трех странах мира;годовой оборот должен быть не менее 10 млрд. долл. США;наличие внешнеэкономических связей должно быть не менее чем с двумя странами мира
126;К способам регулирования деятельности ТНК (транснациональная корпорация) не относятся… ;регулирование мер миграционной политики в стране;разработка законов об иностранных инвестициях;общие правила инвестирования, разработанные комиссией ООН;регулирование мер антиинфляционной политики в стране
127;К характерным чертам ТНК (транснациональная корпорация) не относятся ... ;рассредоточение производства;управление инвестиционными потоками в условиях эффективного планирования и прогнозирования ;вынесение сбытовой деятельности за пределы страны базирования головной компании;преобладание внефирменных каналов перемещения рабочей силы, капитала, информации
128;Причинами расширения масштабов функционирования ТНК (транснациональная корпорация) на международных рынках не являются…;отсутствие налоговых льгот ;использование сравнительных преимуществ страны базирования;наличие высокого уровня занятости;наличие конкурентных преимуществ у своих компаний
129;Внутрифирменное краткосрочное финансирование представляет собой взаимно-предоставление займов различным подразделениям компании, а также предоставление кредитов материнской фирмой своим дочерним компаниям и наоборот. Такие займы предоставляются в виде:;все ответы верны;параллельного внутрифирменного кредита;компенсационного внутрифирменного кредита;прямого международного фирменного кредита
130;Основными организационными формами зарубежных филиалов ТНК являются … ;дочерние компании ;дипломатические представительства;ассоциированные компании;представительства по продаже товаров
131;В каком виде определяется долгосрочное финансирование международной компании?;от инвесторов (через покупку ими акций и облигаций), от кредиторов (в форме банковского кредита или размещения долгосрочных ценных бумаг — облигаций);от лизингов в форме банковского лизинга или размещения долгосрочных ценных бумаг — облигаций);непредсказуемым образом отличаются от рисков по многосторонним кредитам;нету правильного ответа
132;Основу господства ТНК (транснациональная корпорация) на мировом рынке составляют …;заемный капитал;портфельные инвестиции;ссудный капитал;прямые инвестиции
133;Для получения сверхприбыли ТНК (транснациональная корпорация) чаще всего используют...;международное разделение труда;специфику национальных внутренних рынков;абсолютные преимущества стран;диверсификацию производственных мощностей и сервисных центров в различных регионах мира 
134;Какие из перечисленных мер способствуют ограничению международного движения спекулятивного капитала:;расширение состава обязательной отчетности банков в части международных финансовых операций;введение налога на валютообменные операции;завышение национальных процентных ставок;все вышеперечисленное.
135;Политическая ситуация в стране способствует:;ослаблению интеграции национального финансового рынка в мировой;усилению интеграции национального финансового рынка в мировой;сохранению степени интеграции национального финансового рынка в мировой на неизменном уровне;непредсказуемым изменениям степени интеграции нацио-нального финансового рынка в мировой.
136;Укажите основное определение СЭЗ (свободная экономическая зона) .;зоны, концентрирующие банковское и страховое обслуживание на льготных условиях и зоны многофункционального характера, сочетающие различные направления деятельности;зоны, предусматривающие специальную юрисдикцию регистрации и функционирования иностранных компаний на льготных налоговых условиях, но запрещающие им какую-либо производственную деятельность;территориальная зона, где сочетается исследовательская и производственно-техническая деятельность вокруг крупных университетов или научных центров;зоны, где сосредоточены наиболее развитые наукоемкие отрасли
137;Интеграции национального финансового рынка в мировой способствует:;либерализация законодательства о движении капитала;повышение налоговых ставок в стране;стабилизация политического положения в стране;переход к экспансионистской денежно-кредитной политике
138;Соглашение об образовании SDR впервые было принято? ;Октябрь 1969 года.;Ноябрь 1969 года;Ноябрь 1965 года;Ноябрь 1967 года
139;Какие формы зарубежного инвестирования выделяют в мировой практике? ;среднесрочные и долгосрочные международные кредиты и займы ссудного капитала промышленным и торговым корпорациям, банкам и другим финансовым учреждениям.;среднесрочные и долгосрочные международные кредиты;конвертные, или финансовые, инвестиции;косвенные, или реальные, инвестиции
140;На современном международном финансовом рынке конкуренция между участниками:;растет;снижается;изменяется без определенной тенденции;остается на неизменном уровне
141;На степень интеграции страны в мировую экономику влияют:;географическое положение страны;структура национальной экономики;объем внешнего долга страны.;капитал страны
142;Наименьшими возможностями по привлечению средств на международном финансовом рынке обладают:;национальные правительства развивающихся государств;национальные правительства развитых государств;транснациональные банки ;транснациональные компании
143;В качестве обеспечения кредита не могут выступать: ;незавершенное производство;товарно-материальные ценности;кредиторская задолженность.;ценные бумаги
144;К субъектам МФО не относятся … ;научно-технические организации (НТО);международные экономические организации;международное разделение труда (МРТ);транснациональные компании (ТНК)
145;Ставка по государственным международным кредитам, как правило:;меньше, чем по частным кредитам;такая же, как по частным кредитам;непредсказуемым образом отличается от ставки по частным кредитам.;больше, чем по частным кредитам
146;В чем заключается проектное финансирование? ;в предоставлении крупных кредитов под конкретные промышленные проекты предприятий;банковских кредитов и долгосрочных займов;портфельные, или финансовые, инвестиции;консервационные ресурсы
147;Если курс валюты, в которой выдан кредит, растет, стоимость обслуживания кредита:;растет;снижается;не изменяется;изменяется непредсказуемым образом.
148;Как называется способ управления государственным долгом, когда изменяются первоначальные условия займа, касающиеся доходности?; Конверсия;Консолидация;Унификация;Аннулирование государственного долга
149;Существенные расхождения официального и рыночного курсов характерны: ;для стран с экспортно-ориентированной экономикой;стран с экономикой, ориентированной на самообеспечение;стран с государственным планированием экономики;стран со свободной рыночной экономикой.
150;Обострение политической напряженности в стране ведет: ;снижению ее кредитного рейтинга;к росту ее кредитного рейтинга;неизменному значению ее кредитного рейтинга;все ответы верны
151;В каком году был учрежден МВФ?;1944 год;1945 год;1946 год;1947 год
152;Основными заемщиками МВФ по состоянию на начало XXI в. являются:;промышленно развитые страны;развивающиеся страны и страны с переходной экономикой — экспортеры нефти;развивающиеся страны и страны с переходной экономикой — импортеры нефти;страны с плановой экономикой.
153;Расшифруйте МВФ? ;Международный Валютный Фонд;Международный Внешний Фонд;Международный Валовой Фонд;Национальный Внутренний Фонд
154;Высший руководящий орган МВФ? ;Совет управляющих;Страна, имеющая наибольшую квоту;Нет, так как все имеют равные права;Директор распорядитель
155;За счет чего формируется капитал МВФ?;за счет взносов государств-членов, которые проводятся ими по подписке.;за счет резервного взноса капитала МВФ.;За счет директора - распорядителя МВФ;За счет дивидендов, которые осуществляют страны члены
156;Какими средствами оперирует МВФ?;Капиталом;Собственными средствами;Кредитными средствами;заёмными средствами
157;МВФ взимает со стран-заёмщик разовый комиссионный сбор в размере….; 0,5% от суммы сделки.;0,6% от суммы сделки.;0,4% от суммы сделки.;0,8% от суммы сделки.
158;МВФ это? ;межправительственная организация, предназначенная для регулирования валютно-кредитных отношений между государствами-членами и оказания им финансовой помощи при валютных затруднениях, вызываемых дефицитом платежного баланса, путем предоставления кратко- и среднесрочных кредитов в иностранной валюте.;межправительственная организация, предназначенная для регулирования валютных отношений между государствами и оказания им финансовой помощи при кредитных затруднениях, вызываемых дефицитом бюджета, путем предоставления кратко- и среднесрочных кредитов в национальной  валюте.;межправительственная организация, предназначенная для регулирования валютно-кредитных отношений между государствами-членами и оказания им финансовой помощи при валютных затруднениях.;часть мирового рынка ссудного капитала, совокупность спроса и предложения на капитал кредиторов и заёмщиков разных стран.
159;На какой конференции был учрежден МВФ?;На Бреттон-Вудской конференции;На Парижской конференции;На Ямайской конференции;На Генуэзской конференции
160;Узбекистан стал членом МВФ? ;Сентябрь 1992 года;Сентябрь 1993 года;Ноябрь 1993 года;Ноябрь 1992 года
161;Принципы международного кредита не включают …;взаимность;возвратность;платность;срочность
162;Обязательными условиями кредитования являются:;обеспечение обязательств заемщика залогом или гарантией;возврат привлеченных средств;ограниченный срок привлечения средств;уплата процентов заемщиком кредитору
163;Определите виды внутреннего финансирования;внутрифирменные кредиты, самофинансирование ;самоокупаемость;нераспределенная прибыль и амортизация;все ответы верны
164;Определите внутренние источники долгосрочного финансирования ;накопленные чистые денежные потоки, возникающие при осуществлении международных операций.;нераспределенная прибыль;накопленная амортизация;все ответы верны
165;При прочих равных обстоятельствах глобализация мирового кредитного рынка способствует:;повышению стоимости обслуживания кредитов;снижению стоимости обслуживания кредитов;сохранению неизменной стоимости обслуживания кредитов;резким колебаниям стоимости обслуживания кредитов.
166;Роль институциональных инвесторов в функционировании международного финансового рынка в последние десятилетия XX в.:;изменялась без определенной тенденции.;оставалась неизменной;росла;снижалась
167;С какими органами осуществляет МВФ свои кредитные операции?;С официальными органами;Стабилизационные фонды;Центральный банк;Казначейство
168;Укажите участников страховых отношений на страховом рынке;Страховщики, аджастеры;страхователи;брокеры;все ответы верны
169;Оффшорный бизнес, как правило, не концентрируется в ...;туристической отрасли ;банковской деятельности;страховой деятельности;трастовой деятельности
170;Процентная ставка по бланковым кредитам: ;ниже, чем по обеспеченным;такая же, как и по обеспеченным;отличается от ставки по обеспеченным кредитам непредсказуемым образом.;выше, чем по обеспеченным
171;Процентная ставка по краткосрочным кредитам, как правило: ;выше, чем по долгосрочным;такая же, как и по долгосрочным;отличается от ставки по долгосрочным кредитам непредсказуемым образом.;ниже, чем по долгосрочным
172;Основаниями страхового рынка являются:;все ответы верны;свободная рыночная экономика;многообразие форм собственности;свободное ценообразование
173;Рост объемов международного кредитования ведет: ;сохранению отраслевых диспропорций в национальных экономиках на неизменном уровне;к углублению отраслевых диспропорций в национальных экономиках;непредсказуемым изменениям отраслевых диспропорций в национальных экономиках.;ослаблению отраслевых диспропорций в национальных экономиках
174;Расширение объемов международного кредитования способ-ствует:;повышению затрат на обслуживание государственного долга;сближению норм прибыли в различных странах;сокращению объемов мировой торговли ценными бумагами;сближению номинальных процентных ставок в различных странах
175;Рост международного финансового рынка преимущественно за счет спекулятивных операций — характерная черта:;середины XX в.;начала XX в.;конца XX в.;XIX в.
176;Основным источником погашения международного кредита является: ;производственная прибыль;рефинансирование заимствований;спекулятивный доход.;амортизация
177;Укажите виды международного финансирования;иностранное , евровалютное;современные;нету правильного ответа;внутреннее 
178;В каком случае повышение цен снижает конкурентоспособность национальных товаров, затрудняя их экспорт, поощряет импорт товаров и способствует бегству капиталов за границу?;Отрицательное влияние инфляции;Нет правильнго ответа;Отрицательном и положительном влиянии;Положительное влияние инфляции
179;Повышение суверенного кредитного рейтинга страны способствует:;усилению интеграции национального финансового рынка в мировой;ослаблению интеграции национального финансового рынка в мировой;сохранению степени интеграции национального финансового рынка в мировой на неизменном уровне;непредсказуемо.
180;При увеличении темпов инфляции в стране и сохранении номинальных ставок неизменными реальная ставка по кредитам в национальной валюте:;останется неизменной;снизится;меньше или равен полному;изменится непредсказуемым образом.
181;Долгосрочное снижение курса национальной валюты окажет следующее влияние на структуру национальной экономики:;снижение доли экспортных отраслей, рост доли отраслей, ориентированных на импорт;рост доли экспортных отраслей, снижение доли отраслей, ориентированных на импорт;отсутствие изменений;непредсказуемые изменения.
182;Основными кредиторами на мировом кредитном рынке являются: ;банки;национальные правительства;частные лица.;компании и корпорации
183;Средством повышения конвертируемости национальной валюты является:;отмена валютных ограничений;отказ от регулирования курса валюты;эмиссия национальной валюты.;повышение курса национальной валюты
184;Затраты прямых участников международного финансового рынка:;спекулянты-трейдеры;арбитражеры;посредники;хеджеры.
185;Международный финансовый рынок функционирует:;круглосуточно.;с 6 до 20 часов по времени Лондона;с 4 до 22 часов по времени Лондона;с 8 до 18 часов по времени Лондона
186;Наибольшим уровнем риска характеризуются операции следующей категории участников международного финансового рынка:;спекулянты-трейдеры;посредники;арбитражеры;хеджеры.
187;Обороты современного мирового финансового рынка:;непредсказуемо отличаются от оборотов мировой товарной торговли.;больше, чем обороты мировой товарной торговли;равны оборотам мировой товарной торговли;с 4 до 22 часов по времени Лондона
188;Основными факторами развития мирового финансового рынка на современном этапе (конец XIX — начало XX в.) являются:;интеграция национальных финансовых рынков развивающихся стран в международный;демонетизация золота;интенсивный рост наукоемких отраслей мировой экономики;сужение спектра финансовых инструментов
189;Дата исполнения более удаленной по сроку обратной сделки называют ;датой окончания свопа;дата начала спота ;дата исполнения более близкой сделки;дата окончания сделки
190;Могут ли риски международного фондового рынка включать кредитный риск?;Да;Нет;Не всегда;Нет правильного ответа
191;В наибольшей степени формирование международного финансового рынка выгодно для:;промышленно развитых стран;развивающихся стран — экспортеров нефти;развивающихся стран — импортеров нефти;стран с переходной экономикой.
192;Глобальный финансовый рынок включает в себя:;международный финансовый рынок, финансовые структуры ООН и МВФ.;все национальные финансовые рынки и международный финансовый рынок;национальные финансовые рынки развитых стран;все национальные финансовые рынки
193;Затраты прямых участников международного финансового рынка: ;больше, чем у опосредованных;меньше, чем у опосредованных;непредсказуемым образом отличаются от затрат опосредованных.;такие же, как у опосредованных
194;Международный финансовый рынок функционирует:;круглосуточно.;с 8 до 18 часов по времени Лондона;с 6 до 20 часов по времени Лондона;непредсказуемым изменениям степени интеграции национального финансового рынка в мировой.
195;Обладатели базового актива обычно;Не имеют никакого отношения к выпуску дериватов;Имеют влияние на количество выпускаемых акций;Имеют влияние выпуску дериватов дисконтированной цене;Имеют влияние выпуску дериватов 
196;Основной целью покупки дериватов ;хеджирование ценового или валютного риска во времени, или получение спекулятивной прибыли от изменения цены базового актива;получение базового актива; хеджирование ценового или валютного риска во времени;получение спекулятивной прибыли
197;Отличительная особенность дериватов  состоит в том;что они не связаны с количеством базового актива, обращающегося на рынке;что они  связаны с количеством базового актива, обращающегося на рынке;что они не связаны с количеством базового актива, обращающегося на  вторичном рынке.;что они не связаны с количеством базового актива дочерних  акционерных  компаний
198;Обычно покупатель и продавец свопциона оговаривают:;Все ответы верны;"премию  свопциона; фиксированную ставку базового свопа";длительность, дата основного свопа;дополнительные комиссии и отчисления частота расчётов по платежам по основному свопу
199;Операции с производными финансовыми ин-струментами стало причиной?;возрастания финансовых рисков ;возрастания кредитных рисков;возрастания валютные рисков;возрастания рисков
200;Доля форвардного рынка в структуре международного валютного рынка на протяжении последних десятилетий:;оставалась неизменной;снижалась;росла;стохастические колебалась.
201;В наибольшей степени ориентированы на осуществление операций с производными финансовыми инструментами:;трейдеры;челноки;спекулянты;посредники
202;Дериватов имеет следующие характеристики ;Все ответы верны ;его стоимость меняется вслед за изменением цены базового актива;для его приобретения достаточно небольших первоначальных затрат по сравнению с другими инструментами,;        расчёты по нему осуществляются в будущем.
203;Дериваты  представляет собой соглашение между двумя сторонами, по которому они приобретают право;передать определённый актив или сумму денег в установленный срок или до его наступления по согласованной цене.;передать определённый актив или сумму денег в установленный срок или до его наступления по неопределенной цене  ;прибрести определенные активов по дисконтной цене. ;Выпуска новых акций
204;Обычно покупатель и продавец свопциона оговаривают:;соединение некоторого количества компаний, одна из которых является  поставщиком  сырья для другой.;объединение компаний, выпускающих взаимосвязанные товары ;соединение двух компаний, предлагающих одну и ту же продукцию.; соединение двух компаний, одна из которых является  поставщиком  сырья для другой.
205;Рынки еврокредитов характеризует:;стабильность процентных ставок;значительный объем обращающихся средств;государственное регулирование процентных ставок.;активное использование валют развивающихся стран
206;Синдицированное кредитование связано преимущественно: ;кредитованием на льготных условиях.;среднесрочными кредитами;с краткосрочными кредитами;долгосрочными кредитами
207;Систематический риск это;Минимальный риск;Максимальный риск;Нет рисков;Нет правильного ответа
208;Еврорынком является … ;рынок ссудных капиталов, оперирующий европейскими валютами;международный рынок ссудных капиталов, на котором операции осуществляются в евровалютах;система рыночных отношений, обеспечивающая аккумуляцию финансовых ресурсов;сфера, где совершается купля-продажа иностранной валюты на основе текущего спроса и предложения
209;Рынок наличной иностранной валюты обслуживает преимущественно:;финансовые учреждения;производственные компании;государственные органы;население
210;Свопцион (англ. swaption) —;производный финансовый инструмент, опцион на своп, контракт, дающий право его покупателю заключить сделку «своп» на определённую дату в будущем.;финансовый инструмент, опцион на своп, контракт, дающий право его продацу    менять окончания срока сделки.; финансовый инструмент, опцион на своп, контракт, дающий право его покупателю разрывать   сделку  до окончания срока сделки ;производный финансовый контракт, дающий право его участникам  заключить на долгосрочной основе.
211;Стандартизация условий контракта характерна: ;внебиржевого валютного рынка;для биржевого валютного рынка;текущего валютного рынка.;срочного валютного рынка
212;В счёт текущих операций входит: ;Торговый баланс,  баланс услуг текущие трансферты;Торговый баланс, баланс услуг;Только торговый баланс;Счёт операций с капиталом
213;В условиях финансовой глобализации устойчивость финансовых рынков развивающихся стран:;увеличивается;остается неизменной;уменьшается;изменяется непредсказуемым образом.
214;Валютный своп-это;комбинация двух противоположных конверсионных сделок на одинаковую сумму с разными датами валютирования;комбинация  более двух противоположных конверсионных сделок на одинаковую сумму с разными датами валютирования;комбинация двух противоположных конверсионных сделок на разную  сумму с одинаковыми  датами валютирования;комбинация двух противоположных конверсионных сделок на разную  сумму с разными датами валютирования
215;Датой валютирования применительно к споту называют;дата исполнения более близкой сделки;дата исполнения более удаленной по сроку обратной сделки;датой окончания свопа;датой начала  более удаленной по сроку обратной сделки
216;Валютная корзина представляет собой:;метод соизмерения средневзвешенного курса одной валюты по отно­шению к определенному набору других валют;отношение валютных резервов к годовому товарному импорту;соотношение валют по их золотому содержанию;соотношение между покупательной способностью валют
217;В современную валютную корзину СДР не входит:;швейцарский франк;доллар США;юань и иена;евро и фунт стерлингов
218;Соотношение между двумя валютами, устанавливаемое в законода­тельном порядке, — это:;валютный паритет;валютная котировка;валютный курс;кросс курс
219;Валютный демпинг – это …;массовый экспорт товаров по ценам ниже среднемировых в целях вытеснения конкурентов на внешних рынках;совокупность общественных отношений, складывающихся при функ­ционировании валюты в мировом хозяйстве;коэффициент пересчета одной валюты в другую;борьба за валютную гегемонию, рынки сбыта и источники необходи­мых товаров
220;Официальная демонетизация золота произошла в рамках валютной системы…;Ямайской;Генуэзской;Парижской;Бреттон-Вудской
221;Конвертируемость доллара в золото по официальной цене металла осуществлялась в рамках мировой валютной системы:;Бреттон-Вудской;Ямайской;Генуэзской;Парижской
222;Соотношение между вывозом и ввозом товаров отражается в разделе платежного баланса:;Торговый баланс;баланс пассивов;баланс движения капиталов;баланс «невидимых» операций
223;Соотношение международных требований и обязательств называется:;расчетным балансом;баланс движения капиталов;баланс «невидимых» операций;баланс пассивов
224;К разделу «Капитал и финансовые инструменты» платежного баланса относятся статьи…;портфельные и прямые инвестиции;резервная позиция в МВФ;монетарное золото;иностранная валюта
225;К разделу «Официальные международные резервы» платежного баланса относятся статьи:;иностранная валюта;портфельные инвестиции;монетарное золото;прямые инвестиции
226;В какой статье отражаются расхождения с практическими данными в платежном балансе:;«Ошибки и пропуски»;«Прочие услуги»;«СДР»;«Кредит МВФ»
227;Что такое Валютная позиция? ;Соотношение активов и пассивов банка и различных валют;Остаток денежных средств банка в различных валютах;Разница между активами и требованиями банка и его пассивными обязательствами в национальной валюте ;Нет верного ответа
228;Международная межбанковская система передачи информации и совершения платежей – это …;СВИФТ;Международный клиринговый союз;Международная торговая палата;ЮНСИТРАЛ
229;Какие формы международных расчетов наиболее привлекательны для экспортера:;авансовые платежи и аккредитивы;Инкассо и авансовые платежи;Аккредитив и инкассо;расчеты по открытому счету и инкассо
230;Банковский перевод — это:;письменный приказ банка своему банку-корреспонденту о перечислении определенной суммы с его текущего счета за границей на счет бенефициара;почтовые и телеграфные переводы за рубеж;долговые обязательства импортеров;Денежный документ, содержащий распоряжение одного кредитного учреждения другому об уплате кому-н. определённой суммы.
231;Разница между курсами покупателя (курс бид) и продавца (курс оф- фер) называется:;Спред;премия;дисконт;эмбарго
232;Исполнение срочной сделки осуществляется сторонами;не ранее третьего рабочего дня после заключения сделки;не позднее первого рабочего дня после заключения сделки;не ранее четвертого рабочего дня после заключения сделки;нет верного ответа
233;Какие соглашения могут заключаться с целью страхования валютных рисков?;все ответы верны;форвардные сделки;валютные опционы;валютные фьючерсы
234;Стихийным регулятором валютного курса в эпоху золотого стан­дарта был:;механизм золотых точек;двойной валютный рынок;двойной валютный курс;валютный своп
235;Производный финансовый инструмент — это:;контракт, в основе которого лежит базисный акти; ценная бумага, удостоверяющая долевое участие в собственности;договор, удостоверяющий долг одного лица другому;наиболее востребованная форма расчетов между продавцом и покупателем
236;Базисным активом производного финансового инструмента могут являться:; Валюта и товары;Денежные средства;индексы;брокерские контракты
237;Доля форвардного рынка в структуре международного валютного рынка на протяжении последних десятилетий:;оставалась неизменной;снижалась;росла;стохастические колебалась.
238;В наибольшей степени ориентированы на осуществление операций с производными финансовыми инструментами:;трейдеры;челноки;спекулянты;посредники
239;Дериватов имеет следующие характеристики ;Все ответы верны ;его стоимость меняется вслед за изменением цены базового актива;для его приобретения достаточно небольших первоначальных затрат по сравнению с другими инструментами,;        расчёты по нему осуществляются в будущем.
240;Дериваты  представляет собой соглашение между двумя сторонами, по которому они приобретают право;передать определённый актив или сумму денег в установленный срок или до его наступления по согласованной цене.;передать определённый актив или сумму денег в установленный срок или до его наступления по неопределенной цене  ;прибрести определенные активов по дисконтной цене. ;Выпуска новых акций
241;Обычно покупатель и продавец свопциона оговаривают:;соединение некоторого количества компаний, одна из которых является  поставщиком  сырья для другой.;объединение компаний, выпускающих взаимосвязанные товары ;соединение двух компаний, предлагающих одну и ту же продукцию.; соединение двух компаний, одна из которых является  поставщиком  сырья для другой.
242;Рынки еврокредитов характеризует:;стабильность процентных ставок;значительный объем обращающихся средств;государственное регулирование процентных ставок.;активное использование валют развивающихся стран
243;Синдицированное кредитование связано преимущественно: ;кредитованием на льготных условиях.;среднесрочными кредитами;с краткосрочными кредитами;долгосрочными кредитами
244;Систематический риск это;Минимальный риск;Максимальный риск;Нет рисков;Нет правильного ответа
245;Еврорынком является … ;рынок ссудных капиталов, оперирующий европейскими валютами;международный рынок ссудных капиталов, на котором операции осуществляются в евровалютах;система рыночных отношений, обеспечивающая аккумуляцию финансовых ресурсов;сфера, где совершается купля-продажа иностранной валюты на основе текущего спроса и предложения
246;Рынок наличной иностранной валюты обслуживает преимущественно:;финансовые учреждения;производственные компании;государственные органы;население
247;Свопцион (англ. swaption) —;производный финансовый инструмент, опцион на своп, контракт, дающий право его покупателю заключить сделку «своп» на определённую дату в будущем.;финансовый инструмент, опцион на своп, контракт, дающий право его продацу    менять окончания срока сделки.; финансовый инструмент, опцион на своп, контракт, дающий право его покупателю разрывать   сделку  до окончания срока сделки ;производный финансовый контракт, дающий право его участникам  заключить на долгосрочной основе.
248;Показателем степени экономической глобализации является:;доля глобальных телекоммуникаций в общем объеме мировых телекоммуникаций;все перечисленное.;доля англоязычных материалов в общем объеме печатной продукции;доля международной торговли в мировом ВВП
249;В условиях современной финансовой глобализации наибольшими темпами растут обороты:;рынка производных финансовых инструментов.;кредитного рынка;рынка акций;рынка облигаций
250;В условиях экономической глобализации доля прямых иностранных инвестиций в общем объеме мировых инвестиций:;растет;снижается;изменяется непредсказуемым образом.;Остается неизменным
251;Валютный своп-это;комбинация двух противоположных конверсионных сделок на одинаковую сумму с разными датами валютирования;комбинация  более двух противоположных конверсионных сделок на одинаковую сумму с разными датами валютирования;комбинация двух противоположных конверсионных сделок на разную  сумму с одинаковыми  датами валютирования;комбинация двух противоположных конверсионных сделок на разную  сумму с разными датами валютирования
252;Датой валютирования применительно к споту называют;дата исполнения более близкой сделки;дата исполнения более удаленной по сроку обратной сделки;датой окончания свопа;датой начала  более удаленной по сроку обратной сделки
253;Увеличение кредитного рейтинга страны ведет: ;снижению процентных ставок по кредитам, предоставляемым резидентам данной страны;сохранению процентных ставок по кредитам, предоставляемым резидентам данной страны;непредсказуемым изменениям процентных ставок по кредитам, предоставляемым резидентам данной страны.;к росту процентных ставок по кредитам, предоставляемым резидентам данной страны
254;1 долл. = 30 сум. Это:;косвенная котировка доллара и сума;прямая котировка сума и доллара;прямая котировка сума и косвенная доллара;прямая котировка доллара и косвенная сума.
255;Валютный курс выражает:;пропорцию обмена данной валюты на другие;полезность валюты;покупательную способность валюты;некоторую социальную условность.
256;Аббревиатурой ОТС обозначается:;текущий валютный рынок;срочный валютный рынок;биржевой валютный рынок;текущий валютный рынок
257;Что представляет собой совокупность операций с валютами, которые выступают на свободном мировом валютном рынке вне страны их происхождения?;Еврорынок валют;валютный рынок европы;Страховой рынок;Финансовый рынок
258;Что представляет собой международный рынок ссудных капиталов, на котором операции осуществляются в евровалюте?;рынок еврокредитов;еврорынок капиталов.;рынок евровалют;рынок евродепозитов
259;Датой валютирования применительно к споту называют;дата исполнения более близкой сделки;дата исполнения более удаленной по сроку обратной сделки;датой окончания свопа;датой начала  более удаленной по сроку обратной сделки
260;Узбекистан стал полноправным членом Исламского банка развития в…;2003;1992;1998;2007
261;Когда и какой стране был выдан первый кредит от Группы Всемирного банка?;09.05.1947, Франция;09.05.1945, Германия;09.05.1946, Англия;09.05.1948, Япония
262;Валютный арбитраж-это:;валютные операции, проводимые с целью конверсии и получения выгоды;межбанковские операции;расчетные операции в международной торговле;реализация товаров по ценам ниже мировых
263;Как определяется стоимость свободно конвертируемой валюты:;по официальному курсу;по спросом и предложением;по покупательной способности;по рыночному курсу
264;Установление курса иностранной валюты по отношению к валюте данной страны на основе законов, норм, правил, действующих в данной стране:;валютная котировка;валютный рынок;валютная операция;валютная интервенция
265; Валюта, по отношению к которой котируются другие валюты в данной стране или финансовом центре:;базисная валюта;национальная валюта;кризисная валюта;нет верного ответа
266;Главная задача рынка ценных бумаг – это:;привлечение капитала для экономического развития.;привлечение капитала для политического развития;удовлетворение общественных потребностей;привлечение капитала для социального развития 
267;Организованный рынок ценных бумаг осуществляется …;Биржей;государством;акциями;облигациями
268;Рынок, на котором исполнение заключенных сделок происходит не позднее второго рабочего дня со дня заключения сделки, называется:;срочный рынок ;организованный внебиржевой рынок;кассовый рынок;валютный рынок
269;Кампании каких стран проявляют наибольшую активность на товарных фьючерсных биржах?;Развитых;развивающихся;с переходной экономикой;все ответы верны
270;Как называются биржи, на которых торговые операции осуществляются и с товарами, и с индексами ценных бумаг?;Универсальные;специализированные;региональные;узкоспециализированные
271;Цена, характеризующая выражение стоимости чего-либо, поставляемого в будущем, называется …:;Форвардной;прогнозной;стандартной;перспективной
272;Как называется организованный форум для заключения срочных контрактов, которые для большей ликвидности имеют в высшей степени стандартизованные условия?;фьючерсные рынки;форвардные рынки;опционные рынки;торговые рынки
273;Какие рынки являются самыми ликвидными и эффективными?;фьючерсные биржи;форвардные биржи;Валютный рынок;торговый рынок
274;В каком году и где возникла первая в мире фондовая биржа?;в 1791 г. в Филадельфии;в 1971 г. в Лондоне;в 1992 г. в Нью-Йорке;в 1999 г. в Японии
275;Некоторые богатые страны не являются промышленно развитыми, а относятся к развивающимся странам в связи с:;особенностями институциональной структуры экономики;аграрной структурой экономики;монокультурным характером экономики;уровнем национального дохода на душу населения
276;Сегодня более 70% мирового экспорта обеспечивают страны…;промышленно развитые ;развивающиеся ;страны переходной экономики ;развивающиеся страны и страны переходной экономики в совокупности 
277;Какие виды деятельности ТНК доминируют на современном этапе международного сотрудничества;организация производства и сбыта непосредственно на зарубежных рынках;вывоз товаров и услуг;вывоз капитала;все ответы верны
278;Теория паритета покупательной способности (ППС) была обоснована;Г. Касселем ;Дж. Кейнсом;Р. Суайнсхедом;Д. Рикардо
279;Согласно определению Международного валютного фонда (МВФ) глобализация есть:;растущая экономическая взаимозависимость стран всего мира в результате возрастающего объема и разнообразия сделок с товарами, услугами и мировых потоков капитала, а также благодаря все более быстрой и широкой диффузии технологий;организация производства и рынка в определенном географическом пространстве;система хозяйственных связей между национальными экономиками отдельных стран, представленными различными хозяйствующими субъек­тами, а также международными экономическими организациями и финан­совыми центрами.;растущая взаимозависимость стран на основе увеличения объема и разнообразия международных валютных, кредитных, финансовых, рас­четных, фондовых страховых операций, а также информационных техно­логий
280;Основной целью протекционизма выступает:;защита отечественных производителей, особенно в период структур­ной перестройки ;снижение рисков, связанных с крупномасштабными техногенными катастрофами;смягчение торгово-политического режима в системе международных экономических отношений;сбор средств для обеспечения внешнего государственного долга
281;К новым финансовым центрам развивающихся стран относятся:;Мумбай, Дубай,Дакка;Мумбай, Дубай,Дакка;Сингапур, Лондон, Россия;Лондон, Нью-Йорк, Гонконг
282;Под международными финансовыми центрами понимаются…;центры сосредоточения банков и специализированных кредитно-финансовых институтов, осуществляющих международные валютные, кредитные и финансовые операции, сделки с ценными бумагами, золотом;система устойчивых экономических и организационных отношений, возникающих при осуществлении операций по покупке или продаже иностранной валюты; экономическая система соотношения спроса и предложения на страховые услуги;рынки, на котором продают и покупают сырьевые или первичные товары
283;Странами — членами НАФТА являются;США, Канада, Мексика;США, Великобритания, Австралия, Новая Зеландия;Великобритания, Германия, Франция;США, Канада, Япония
284;Путь от зоны свободной торговли до экономического и валютного союза прошла интеграционная группировка;ЕС;НАФТА;АСЕАН;ЕАЭС
285;Валютная корзина представляет собой:;метод соизмерения средневзвешенного курса одной валюты по отно­шению к определенному набору других валют;отношение валютных резервов к годовому товарному импорту;соотношение валют по их золотому содержанию;соотношение между покупательной способностью валют
286;В современную валютную корзину СДР не входит:;швейцарский франк;доллар США;юань и иена;евро и фунт стерлингов
287;Соотношение между двумя валютами, устанавливаемое в законода­тельном порядке, — это:;валютный паритет;валютная котировка;валютный курс;кросс курс
288;Валютный демпинг – это …;массовый экспорт товаров по ценам ниже среднемировых в целях вытеснения конкурентов на внешних рынках;совокупность общественных отношений, складывающихся при функ­ционировании валюты в мировом хозяйстве;коэффициент пересчета одной валюты в другую;борьба за валютную гегемонию, рынки сбыта и источники необходи­мых товаров
289;Официальная демонетизация золота произошла в рамках валютной системы…;Ямайской;Генуэзской;Парижской;Бреттон-Вудской
290;Конвертируемость доллара в золото по официальной цене металла осуществлялась в рамках мировой валютной системы:;Бреттон-Вудской;Ямайской;Генуэзской;Парижской
291;Соотношение между вывозом и ввозом товаров отражается в разделе платежного баланса:;Торговый баланс;баланс пассивов;баланс движения капиталов;баланс «невидимых» операций
292;Соотношение международных требований и обязательств называется:;расчетным балансом;баланс движения капиталов;баланс «невидимых» операций;баланс пассивов
293;К разделу «Капитал и финансовые инструменты» платежного баланса относятся статьи…;портфельные и прямые инвестиции;резервная позиция в МВФ;монетарное золото;иностранная валюта
294;К разделу «Официальные международные резервы» платежного баланса относятся статьи:;иностранная валюта;портфельные инвестиции;монетарное золото;прямые инвестиции
295;В какой статье отражаются расхождения с практическими данными в платежном балансе:;«Ошибки и пропуски»;«Прочие услуги»;«СДР»;«Кредит МВФ»
296;Что такое Валютная позиция? ;Соотношение активов и пассивов банка и различных валют;Остаток денежных средств банка в различных валютах;Разница между активами и требованиями банка и его пассивными обязательствами в национальной валюте ;Нет верного ответа
297;Международная межбанковская система передачи информации и совершения платежей – это …;СВИФТ;Международный клиринговый союз;Международная торговая палата;ЮНСИТРАЛ
298;Какие формы международных расчетов наиболее привлекательны для экспортера:;авансовые платежи и аккредитивы;Инкассо и авансовые платежи;Аккредитив и инкассо;расчеты по открытому счету и инкассо
299;…..- это документ, содержащий безусловный приказ владельца текущего счета банку о выплате указанной в нем суммы определенному лицу или предъявителю:;расчетный чек;документарный аккредитив;банковский перевод;авансовые платежи
300;Разница между курсами покупателя (курс бид) и продавца (курс оф- фер) называется:;Спред;премия;дисконт;эмбарго
