fan;Savol;JavobTuri;Javob1;Javob2;Javob3;Javob4;;;;;;;;;;;;;;;;;;;;;;;;;;;;;;;;;;;;;;;;;;;;;;;;;;;;;;;
Xorijiy til (Ispan tili);Conjuga el verbo SER en persona correspondiente. Ella _______ alemana;0;es;somos;eres;son;;;;;;;;;;;;;;;;;;;;;;;;;;;;;;;;;;;;;;;;;;;;;;;;;;;;;;;
Xorijiy til (Ispan tili);Los art?culos defenidos singulares son ....;0;el, la;el, los;es la;un, una;;;;;;;;;;;;;;;;;;;;;;;;;;;;;;;;;;;;;;;;;;;;;;;;;;;;;;;
Xorijiy til (Ispan tili);Los art?culos defenidos plurales son ....;0;los, las;la, unas;una, unas;los, unas;;;;;;;;;;;;;;;;;;;;;;;;;;;;;;;;;;;;;;;;;;;;;;;;;;;;;;;
Xorijiy til (Ispan tili);Los art?culos indefenidos singulares son ....;0;un, una;unos, los;uno, las;los, unas;;;;;;;;;;;;;;;;;;;;;;;;;;;;;;;;;;;;;;;;;;;;;;;;;;;;;;;
Xorijiy til (Ispan tili);Ponga el atr?culo correspondiente: Pluma est? sobre ____ mesa;0;la;el;las;los ;;;;;;;;;;;;;;;;;;;;;;;;;;;;;;;;;;;;;;;;;;;;;;;;;;;;;;;
Xorijiy til (Ispan tili);Elige la respuesta correspondiente: ?_______ te llamas?;0;c?mo;qu?;qui?n;cu?l;;;;;;;;;;;;;;;;;;;;;;;;;;;;;;;;;;;;;;;;;;;;;;;;;;;;;;;
Xorijiy til (Ispan tili);Elige la respuesta correspondiente: Mis padres _______ profesores.;0;son;somos;es ;soy;;;;;;;;;;;;;;;;;;;;;;;;;;;;;;;;;;;;;;;;;;;;;;;;;;;;;;;
Xorijiy til (Ispan tili);Elige la respuesta correspondiente: Juan _______ tomar un caf? esta tarde.;0;quiere;queremos;querra;queren;;;;;;;;;;;;;;;;;;;;;;;;;;;;;;;;;;;;;;;;;;;;;;;;;;;;;;;
Xorijiy til (Ispan tili);Elige la respuesta correspondiente:  Me ________ los deportes.;0;gustan;gustamos;gust?is;gustas;;;;;;;;;;;;;;;;;;;;;;;;;;;;;;;;;;;;;;;;;;;;;;;;;;;;;;;
Xorijiy til (Ispan tili);Elige la respuesta correspondiente: Sus abuelos son ____ Brasil. Son brasile?os.;0;de;por;a;con;;;;;;;;;;;;;;;;;;;;;;;;;;;;;;;;;;;;;;;;;;;;;;;;;;;;;;;
Xorijiy til (Ispan tili);Elige la respuesta correspondiente. Mar?a _____ guapa.;0;es;son;somos;sois;;;;;;;;;;;;;;;;;;;;;;;;;;;;;;;;;;;;;;;;;;;;;;;;;;;;;;;
Xorijiy til (Ispan tili);Elige la respuesta correspondiente. Nosotros ____________ en una empresa importante.;0;trabajamos;trabajo;trabajas;trabajan;;;;;;;;;;;;;;;;;;;;;;;;;;;;;;;;;;;;;;;;;;;;;;;;;;;;;;;
Xorijiy til (Ispan tili);Elige la respuesta correspondiente. Mi hermano peque?o ________ 5 a?os.;0;tiene;tenga;tenemos;tienen;;;;;;;;;;;;;;;;;;;;;;;;;;;;;;;;;;;;;;;;;;;;;;;;;;;;;;;
Xorijiy til (Ispan tili);Ponga la preposici?n correspondiente. Este a?o voy ______vacaciones ;0;de;por;a;con;;;;;;;;;;;;;;;;;;;;;;;;;;;;;;;;;;;;;;;;;;;;;;;;;;;;;;;
Xorijiy til (Ispan tili);"Completa el dialogo:                           — Me encanta la comida asi?tica — A m? ___________. Est? buen?sima.";0;tambi?n;tampoco;no;como;;;;;;;;;;;;;;;;;;;;;;;;;;;;;;;;;;;;;;;;;;;;;;;;;;;;;;;
Xorijiy til (Ispan tili);Ponga el atr?culo correspondiente. En _____ libros hay much informaci?n.;0;los;las;la ;el;;;;;;;;;;;;;;;;;;;;;;;;;;;;;;;;;;;;;;;;;;;;;;;;;;;;;;;
Xorijiy til (Ispan tili);Ponga la preposici?n correspondiente. ?____ d?mde eres?;0;de;con;por;para;;;;;;;;;;;;;;;;;;;;;;;;;;;;;;;;;;;;;;;;;;;;;;;;;;;;;;;
Xorijiy til (Ispan tili);?Qu? fecha ____ hoy?;0;es;son;somos;sois;;;;;;;;;;;;;;;;;;;;;;;;;;;;;;;;;;;;;;;;;;;;;;;;;;;;;;;
Xorijiy til (Ispan tili);Ponga el atr?culo correspondiente. Tengo _____ zapatos muy c?modos.;0;unos;unas;una ;un ;;;;;;;;;;;;;;;;;;;;;;;;;;;;;;;;;;;;;;;;;;;;;;;;;;;;;;;
Xorijiy til (Ispan tili);Ponga el atr?culo correspondiente. En la clase faltan ______alumnos.;0;unos;unas;una;un;;;;;;;;;;;;;;;;;;;;;;;;;;;;;;;;;;;;;;;;;;;;;;;;;;;;;;;
Xorijiy til (Ispan tili);Elige la respuesta correspondiente: -?A qu? te dedicas? - ______ profesor.;0;soy;eres;somos;son;;;;;;;;;;;;;;;;;;;;;;;;;;;;;;;;;;;;;;;;;;;;;;;;;;;;;;;
Xorijiy til (Ispan tili);Ponga el atr?culo correspondiente. No me gusta_____ chocolate.;0;el ;la;un;una;;;;;;;;;;;;;;;;;;;;;;;;;;;;;;;;;;;;;;;;;;;;;;;;;;;;;;;
Xorijiy til (Ispan tili);Elige palabras que tienen tilde de acento.;0;d?a, men?;habl?, ?rdenador;l?bro, pl?ma;c?sa, n?che;;;;;;;;;;;;;;;;;;;;;;;;;;;;;;;;;;;;;;;;;;;;;;;;;;;;;;;
Xorijiy til (Ispan tili);Ponga el atr?culo correspondiente. Nesecito ______ tijeras;0;unas;unos ;las;los;;;;;;;;;;;;;;;;;;;;;;;;;;;;;;;;;;;;;;;;;;;;;;;;;;;;;;;
Xorijiy til (Ispan tili);Elige el verbo correspondiente: Flores _________ bien.;0;huelen;olamos;huelo;huelas;;;;;;;;;;;;;;;;;;;;;;;;;;;;;;;;;;;;;;;;;;;;;;;;;;;;;;;
Xorijiy til (Ispan tili);Elige la palabra correcta: El hermano de mi padre es mi ________;0;t?o;suegro;primo;cu?ado;;;;;;;;;;;;;;;;;;;;;;;;;;;;;;;;;;;;;;;;;;;;;;;;;;;;;;;
Xorijiy til (Ispan tili);Elige la palabra correcta:  La madre de mi madre es mi __________;0;abuela;t?a;prima;suegra;;;;;;;;;;;;;;;;;;;;;;;;;;;;;;;;;;;;;;;;;;;;;;;;;;;;;;;
Xorijiy til (Ispan tili);Elige la palabra correcta:  La hija de mi t?a es mi ________;0;prima;abuela;t?a;cu?ada;;;;;;;;;;;;;;;;;;;;;;;;;;;;;;;;;;;;;;;;;;;;;;;;;;;;;;;
Xorijiy til (Ispan tili); Elige la palabra correcta: La hija de mi madre es mi _______;0;hermana;hija;prima;sobrina;;;;;;;;;;;;;;;;;;;;;;;;;;;;;;;;;;;;;;;;;;;;;;;;;;;;;;;
Xorijiy til (Ispan tili);Elige la palabra correcta: Los nietos de mis padres son mis ________;0;hijos ;nietos;primos;hermanos;;;;;;;;;;;;;;;;;;;;;;;;;;;;;;;;;;;;;;;;;;;;;;;;;;;;;;;
Xorijiy til (Ispan tili);?Con qu? d?a empieza la semana?;0;lunes;martes;mi?rcoles;viernes;;;;;;;;;;;;;;;;;;;;;;;;;;;;;;;;;;;;;;;;;;;;;;;;;;;;;;;
Xorijiy til (Ispan tili);Meses de invierno son _______;0;diciembre, enero, febrero;juio, julio;agosto, septiembre, octubre;marzo, abril, mayo;;;;;;;;;;;;;;;;;;;;;;;;;;;;;;;;;;;;;;;;;;;;;;;;;;;;;;;
Xorijiy til (Ispan tili);Meses de la primavera son__________;0;marzo, abril, mayo;diciembre, enero, febrero;agosto, septiembre, octubre;juio, julio, agosto;;;;;;;;;;;;;;;;;;;;;;;;;;;;;;;;;;;;;;;;;;;;;;;;;;;;;;;
Xorijiy til (Ispan tili);?C?mo se llama la letra «V»?;0;uve;be;a;ce;;;;;;;;;;;;;;;;;;;;;;;;;;;;;;;;;;;;;;;;;;;;;;;;;;;;;;;
Xorijiy til (Ispan tili);?Qu? n?mero es: «96»?;0;noventa y seis;sesenta y seis;cuarenta ocho;cincuenta y dos;;;;;;;;;;;;;;;;;;;;;;;;;;;;;;;;;;;;;;;;;;;;;;;;;;;;;;;
Xorijiy til (Ispan tili);Mi amiga Ana tiene los ojos _______;0;verdes;rojas;negro;claro;;;;;;;;;;;;;;;;;;;;;;;;;;;;;;;;;;;;;;;;;;;;;;;;;;;;;;;
Xorijiy til (Ispan tili);"Selecciona la opci?n correcta.ANA.— ? .......... vas a la fiesta? LUIS.— Voy a las diez.";0;Cu?ndo;cu?nto;c?mo;qu?;;;;;;;;;;;;;;;;;;;;;;;;;;;;;;;;;;;;;;;;;;;;;;;;;;;;;;;
Xorijiy til (Ispan tili);Elige la respuesta correspondiente: Hoy Cristina______________ muy temprano y desayuna sola en la cocina.;0;se despierta;me despierto;nos despertamos;me despierta;;;;;;;;;;;;;;;;;;;;;;;;;;;;;;;;;;;;;;;;;;;;;;;;;;;;;;;
Xorijiy til (Ispan tili);?C?mo se llama la letra «G»?;0;ge;be;ce;ele;;;;;;;;;;;;;;;;;;;;;;;;;;;;;;;;;;;;;;;;;;;;;;;;;;;;;;;
Xorijiy til (Ispan tili);Completa con la forma adecuada del verbo PODER: ?D?nde_____________encontrar una farmacia en este pueblo?;0;puedo;quiero;tengo;soy;;;;;;;;;;;;;;;;;;;;;;;;;;;;;;;;;;;;;;;;;;;;;;;;;;;;;;;
Xorijiy til (Ispan tili);Alguien pregunta: «?Puedo abrir la ventana?». ?C?mo respondes formalmente que no?;0;Perdone, pero estoy resfriado.;S?, s?, ?brela.;Disculpe, pero est? resuelta.;no, no puedes;;;;;;;;;;;;;;;;;;;;;;;;;;;;;;;;;;;;;;;;;;;;;;;;;;;;;;;
Xorijiy til (Ispan tili);?C?mo se llama la letra «Ll»?;0;elle;ele;a;jota;;;;;;;;;;;;;;;;;;;;;;;;;;;;;;;;;;;;;;;;;;;;;;;;;;;;;;;
Xorijiy til (Ispan tili);?Qu? n?mero es: «47»?;0;cuarenta y siete;ochenta y dos;cincuenta y tres;noventa y cinco;;;;;;;;;;;;;;;;;;;;;;;;;;;;;;;;;;;;;;;;;;;;;;;;;;;;;;;
Xorijiy til (Ispan tili);?C?mo se llama la letra «H»?;0;hache;jota;igriega;uve;;;;;;;;;;;;;;;;;;;;;;;;;;;;;;;;;;;;;;;;;;;;;;;;;;;;;;;
Xorijiy til (Ispan tili);Completa con la preposici?n correcta. Este a?o voy de vacaciones _______ Mallorca.;0;a ;por;de;con;;;;;;;;;;;;;;;;;;;;;;;;;;;;;;;;;;;;;;;;;;;;;;;;;;;;;;;
Xorijiy til (Ispan tili);Elige la palabra correspondiente: Ella sabe ___________ franc?s;0;el;la;los;las;;;;;;;;;;;;;;;;;;;;;;;;;;;;;;;;;;;;;;;;;;;;;;;;;;;;;;;
Xorijiy til (Ispan tili);"Elige la palabra correcta. ?D?nde ____________ la biblioteca municipal ";0;est?;estamos;somos;son;;;;;;;;;;;;;;;;;;;;;;;;;;;;;;;;;;;;;;;;;;;;;;;;;;;;;;;
Xorijiy til (Ispan tili);?C?mo se llama la letra «J»?;0;jota;ge;igriega;elle;;;;;;;;;;;;;;;;;;;;;;;;;;;;;;;;;;;;;;;;;;;;;;;;;;;;;;;
Xorijiy til (Ispan tili);Encuentra la opci?n correcta: Son las nueve menos veinte. ;0;8:40;10:10;8:45;9:15;;;;;;;;;;;;;;;;;;;;;;;;;;;;;;;;;;;;;;;;;;;;;;;;;;;;;;;
Xorijiy til (Ispan tili);Encuentra la opci?n correcta: Son las cinco y media;0;5:30;6:45;7:15;5:40;;;;;;;;;;;;;;;;;;;;;;;;;;;;;;;;;;;;;;;;;;;;;;;;;;;;;;;
Xorijiy til (Ispan tili);"Encuentra la opci?n correcta: ""6:15""";0;son las seis y cuarto;son las siete y media;son las nueve menos diez;es la una de la tarde;;;;;;;;;;;;;;;;;;;;;;;;;;;;;;;;;;;;;;;;;;;;;;;;;;;;;;;
Xorijiy til (Ispan tili);Elige la palabra correspondiente: Ella ___________ hablar en espa?ol.;0;puede;podemos;podr?;pueden;;;;;;;;;;;;;;;;;;;;;;;;;;;;;;;;;;;;;;;;;;;;;;;;;;;;;;;
Xorijiy til (Ispan tili);Elige la palabra correspondiente: Luis  siempre ____________ la verdad. ;0;dice;trae;trabaja ;come;;;;;;;;;;;;;;;;;;;;;;;;;;;;;;;;;;;;;;;;;;;;;;;;;;;;;;;
Xorijiy til (Ispan tili);Elige la palabra correspondiente: Estudiantes _________ un libro.;0;leen;escribes;corres;juegas;;;;;;;;;;;;;;;;;;;;;;;;;;;;;;;;;;;;;;;;;;;;;;;;;;;;;;;
Xorijiy til (Ispan tili);Elige la palabra correspondiente: Aziz y yo ____________ muy bien al f?tbol.;0;jugamos;hablamos;podemos;damos;;;;;;;;;;;;;;;;;;;;;;;;;;;;;;;;;;;;;;;;;;;;;;;;;;;;;;;
Xorijiy til (Ispan tili);Selecciona las terminaci?nes del presente de indicativo a primera conjugaci?n (-ar);0; -o, -as, -a, -amos, -?is, -an.; -o, -es, -e, -emos, -?is, -en.; -o, -es. -e -imos, -?s, -en; -?, -?ste, -i?, -imos, -isteis, -ieron;;;;;;;;;;;;;;;;;;;;;;;;;;;;;;;;;;;;;;;;;;;;;;;;;;;;;;;
Xorijiy til (Ispan tili);Selecciona las terminaci?nes del presente de indicativo a segunda conjugaci?n (-er);0; -o, -es, -e, -emos, -?is, -en.; -o, -as, -a, -amos, -?is, -an.; -o, -es. -e -imos, -?s, -en; -?, -?ste, -i?, -imos, -isteis, -ieron;;;;;;;;;;;;;;;;;;;;;;;;;;;;;;;;;;;;;;;;;;;;;;;;;;;;;;;
Xorijiy til (Ispan tili);Selecciona las terminaci?nes del presente de indicativo a tercera conjugaci?n (-ir);0; -o, -es. -e -imos, -?s, -en; -o, -es, -e, -emos, -?is, -en.; -?, -?ste, -i?, -imos, -isteis, -ieron; -o, -as, -a, -amos, -?is, -an.;;;;;;;;;;;;;;;;;;;;;;;;;;;;;;;;;;;;;;;;;;;;;;;;;;;;;;;
Xorijiy til (Ispan tili);Encuentra la forma del verbo SER en segunda persona plural.;0;sois;soy;es;somos;;;;;;;;;;;;;;;;;;;;;;;;;;;;;;;;;;;;;;;;;;;;;;;;;;;;;;;
Xorijiy til (Ispan tili);Encuentra la forma del verbo PONER en segunda persona plural.;0;pon?is;ponen;pongo;pone;;;;;;;;;;;;;;;;;;;;;;;;;;;;;;;;;;;;;;;;;;;;;;;;;;;;;;;
Xorijiy til (Ispan tili);Completa con la forma adecuada de ESTAR. Galicia ________ en el norte de Espa?a. ;0;est?;estamos;estan;estoy;;;;;;;;;;;;;;;;;;;;;;;;;;;;;;;;;;;;;;;;;;;;;;;;;;;;;;;
Xorijiy til (Ispan tili);Completa con la forma adecuada de SER. El gazpacho _________ una comida muy t?pica de Andaluc?a. ;0;es;soy;eres;son;;;;;;;;;;;;;;;;;;;;;;;;;;;;;;;;;;;;;;;;;;;;;;;;;;;;;;;
Xorijiy til (Ispan tili);Completa con la forma adecuada de SER. Mi amigo Luis ______ de Madrid.;0;es;soy;eres;somos;;;;;;;;;;;;;;;;;;;;;;;;;;;;;;;;;;;;;;;;;;;;;;;;;;;;;;;
Xorijiy til (Ispan tili);Completa con la forma adecuada de SER.   ?________ tu madre en casa? ;0;es;eres;somos;son;;;;;;;;;;;;;;;;;;;;;;;;;;;;;;;;;;;;;;;;;;;;;;;;;;;;;;;
Xorijiy til (Ispan tili);Completa con la forma adecuada de SER. ________ espa?ol y vivo en M?laga;0;soy;somos;sois;son;;;;;;;;;;;;;;;;;;;;;;;;;;;;;;;;;;;;;;;;;;;;;;;;;;;;;;;
Xorijiy til (Ispan tili);Completa con la forma adecuada de ESTAR.  Hoy no voy al trabajo, __________ enfermo. ;0;estoy;est?s;estamos;estan;;;;;;;;;;;;;;;;;;;;;;;;;;;;;;;;;;;;;;;;;;;;;;;;;;;;;;;
Xorijiy til (Ispan tili);Completa con la forma adecuada de TRAER. ?_________ el dinero que te he prestado? ;0;traes;traigo;traemos;traen;;;;;;;;;;;;;;;;;;;;;;;;;;;;;;;;;;;;;;;;;;;;;;;;;;;;;;;
Xorijiy til (Ispan tili);Completa con la forma adecuada de IR. Los m?dicos _________ a casa de los pacientes cada d?a.;0;van;vamos;vais;voy;;;;;;;;;;;;;;;;;;;;;;;;;;;;;;;;;;;;;;;;;;;;;;;;;;;;;;;
Xorijiy til (Ispan tili);Completa con la forma adecuada de ESTAR.   ?T?________ en casa? ;0;est?s;estamos;est?is;estoy;;;;;;;;;;;;;;;;;;;;;;;;;;;;;;;;;;;;;;;;;;;;;;;;;;;;;;;
Xorijiy til (Ispan tili);Completa con la forma adecuada de JUGAR. El padre ________ con los ni?os. ;0;juega;jugamos;juegan;juego;;;;;;;;;;;;;;;;;;;;;;;;;;;;;;;;;;;;;;;;;;;;;;;;;;;;;;;
Xorijiy til (Ispan tili);Completa con la forma adecuada de VIVIR.  ?Ustedes ___________ por aqu?? ;0;viven;vives;vivimos;viven;;;;;;;;;;;;;;;;;;;;;;;;;;;;;;;;;;;;;;;;;;;;;;;;;;;;;;;
Xorijiy til (Ispan tili);Completa con la forma adecuada de IR. Mi hija _______ a la escuela todas las ma?anas.;0;va;vamos;vas;van;;;;;;;;;;;;;;;;;;;;;;;;;;;;;;;;;;;;;;;;;;;;;;;;;;;;;;;
Xorijiy til (Ispan tili);Completa con la forma adecuada de ESTUDIAR. Luisa ____________ la historia del arte en la Universidad.;0;estudia;estudiamos;estudian;estudio;;;;;;;;;;;;;;;;;;;;;;;;;;;;;;;;;;;;;;;;;;;;;;;;;;;;;;;
Xorijiy til (Ispan tili);Completa con la forma adecuada de SALIR. Por las noches con mis amigos ____________ a dar una vuelta.;0;salimos;salgo;sales;sale;;;;;;;;;;;;;;;;;;;;;;;;;;;;;;;;;;;;;;;;;;;;;;;;;;;;;;;
Xorijiy til (Ispan tili);Completa con la forma adecuada de HACER. Cada tarde yo _____________ los deberes con mi amiga Carmen.;0;hago;haces;hacemos;hacen;;;;;;;;;;;;;;;;;;;;;;;;;;;;;;;;;;;;;;;;;;;;;;;;;;;;;;;
Xorijiy til (Ispan tili);Completa con la forma adecuada de VISITAR. Nosotros ______________ a mi abuela cada domingo. ;0;visitamos;visitan;visit?is;visito;;;;;;;;;;;;;;;;;;;;;;;;;;;;;;;;;;;;;;;;;;;;;;;;;;;;;;;
Xorijiy til (Ispan tili);Completa con la forma adecuada de VOLVER. Cada d?a, yo ___________ del trabajo sobre las ocho y media.;0;vuelvo;vuelvas;volvamos;vuelvan;;;;;;;;;;;;;;;;;;;;;;;;;;;;;;;;;;;;;;;;;;;;;;;;;;;;;;;
Xorijiy til (Ispan tili);Completa con el art?culo correcto. Tengo ______ televisi?n nueva en mi habitaci?n. ;0;una ;un;el;la ;;;;;;;;;;;;;;;;;;;;;;;;;;;;;;;;;;;;;;;;;;;;;;;;;;;;;;;
Xorijiy til (Ispan tili); Completa con las preposiciones. Va al colegio _______ autob?s.;0;en;con;hasta;por;;;;;;;;;;;;;;;;;;;;;;;;;;;;;;;;;;;;;;;;;;;;;;;;;;;;;;;
Xorijiy til (Ispan tili); Completa con las preposiciones.  Este regalo es ________ t?.;0;para;por;a ;de;;;;;;;;;;;;;;;;;;;;;;;;;;;;;;;;;;;;;;;;;;;;;;;;;;;;;;;
Xorijiy til (Ispan tili); Completa con las preposiciones. Juana me ha llamado ________ invitarme a su boda;0;para;por;o;al;;;;;;;;;;;;;;;;;;;;;;;;;;;;;;;;;;;;;;;;;;;;;;;;;;;;;;;
Xorijiy til (Ispan tili);Completa con la forma adecuada de VIAJAR. Ma?ana nosotros __________ a Par?s.;0;viajamos;viajan;viajo;viaja;;;;;;;;;;;;;;;;;;;;;;;;;;;;;;;;;;;;;;;;;;;;;;;;;;;;;;;
Xorijiy til (Ispan tili);Elige la palabra correspondiente: La persona que vende medicinas es _______;0;farmac?utico;panadero;marinero;cartero;;;;;;;;;;;;;;;;;;;;;;;;;;;;;;;;;;;;;;;;;;;;;;;;;;;;;;;
Xorijiy til (Ispan tili);"Encuentra la opci?n correcta de  ""4:30"".";0;son las cuatro y media;son las siete y media;son las nueve menos diez;es la una de la tarde;;;;;;;;;;;;;;;;;;;;;;;;;;;;;;;;;;;;;;;;;;;;;;;;;;;;;;;
Xorijiy til (Ispan tili);"Encuentra la opci?n correcta de ""38""";0;treinta y ocho;cuarenta y dos;setenta y siete;cincuenta y dos;;;;;;;;;;;;;;;;;;;;;;;;;;;;;;;;;;;;;;;;;;;;;;;;;;;;;;;
Xorijiy til (Ispan tili); Completa con las preposiciones. Soy ________ Madrid.;0;de;con ;a;por;;;;;;;;;;;;;;;;;;;;;;;;;;;;;;;;;;;;;;;;;;;;;;;;;;;;;;;
Xorijiy til (Ispan tili);Elige la opci?n correcta: Son las dos y cuarto.;0;2:15;2:45;2:35;2:30;;;;;;;;;;;;;;;;;;;;;;;;;;;;;;;;;;;;;;;;;;;;;;;;;;;;;;;
Xorijiy til (Ispan tili);Completa con la forma adecuada de ESTUDIAR. Mi hermana ___________ en la facultad de interpetaci?n.;0;estudia;estudiamos;estudian;estudi?is;;;;;;;;;;;;;;;;;;;;;;;;;;;;;;;;;;;;;;;;;;;;;;;;;;;;;;;
Xorijiy til (Ispan tili); Completa con las preposiciones. Ma?ana _______ la tarde no tengo clase.;0;por;desde;cada;con;;;;;;;;;;;;;;;;;;;;;;;;;;;;;;;;;;;;;;;;;;;;;;;;;;;;;;;
Xorijiy til (Ispan tili);Completa con la forma adecuada de ESCRIBIR. Nosotros _____________ un art?culo sobre la matem?tica.;0;escribimos;escribes;escrib?s;escribo;;;;;;;;;;;;;;;;;;;;;;;;;;;;;;;;;;;;;;;;;;;;;;;;;;;;;;;
Xorijiy til (Ispan tili);Completa con la forma adecuada de HABLAR. ?T? ____________ espa?ol?;0;hablas;hablamos;habl?is ;hablo;;;;;;;;;;;;;;;;;;;;;;;;;;;;;;;;;;;;;;;;;;;;;;;;;;;;;;;
Xorijiy til (Ispan tili);"Encuentra la opci?n correcta: ""ciento cuarenta y dos""";0;142;135;157;172;;;;;;;;;;;;;;;;;;;;;;;;;;;;;;;;;;;;;;;;;;;;;;;;;;;;;;;
Xorijiy til (Ispan tili);Completa con la forma adecuada del verbo ESTAR.  -Te veo mal. ?Quieres ayuda? - No, gracias. ________ bien.;0;estoy;est?s;estamos;estan;;;;;;;;;;;;;;;;;;;;;;;;;;;;;;;;;;;;;;;;;;;;;;;;;;;;;;;
Xorijiy til (Ispan tili);Completa el dialogo. - ?Cu?ntos a?os tienes? - ;0;Tengo 16.;Soy 17;Estoy 22;Veo 17;;;;;;;;;;;;;;;;;;;;;;;;;;;;;;;;;;;;;;;;;;;;;;;;;;;;;;;
Xorijiy til (Ispan tili);Elige la opci?n correcta: Son las dos menos cuarto.;0;1:45;3:40;2:15;5:20;;;;;;;;;;;;;;;;;;;;;;;;;;;;;;;;;;;;;;;;;;;;;;;;;;;;;;;
Xorijiy til (Ispan tili);Persona que tiene por oficio apagar incendios es __________ .;0;bombero;panadero;cocinero;abogado;;;;;;;;;;;;;;;;;;;;;;;;;;;;;;;;;;;;;;;;;;;;;;;;;;;;;;;
Xorijiy til (Ispan tili);Elige la respuesta correcta. ?Te gusta la comida italiana?;0;S?, me gusta mucho.;Me la gusta;Te gusto;S?, gusta a m?;;;;;;;;;;;;;;;;;;;;;;;;;;;;;;;;;;;;;;;;;;;;;;;;;;;;;;;
Xorijiy til (Ispan tili);Encuentra los mariscos.;0;pescado, gambas;tomate, ma?z;pan, leche;postre, chocolate;;;;;;;;;;;;;;;;;;;;;;;;;;;;;;;;;;;;;;;;;;;;;;;;;;;;;;;
Xorijiy til (Ispan tili);Completa el dialogo. - Soy de Andaluc?a, pero no me gusta el flamenco. - A m? ____.;0;tampoco;tambi?n;no;S?;;;;;;;;;;;;;;;;;;;;;;;;;;;;;;;;;;;;;;;;;;;;;;;;;;;;;;;
Xorijiy til (Ispan tili);Completa con la forma adecuada de ESTAR. Luc?a y Mario no _____ nunca de acuerdo en nada.;0;estan;estamos;est?is;estoy;;;;;;;;;;;;;;;;;;;;;;;;;;;;;;;;;;;;;;;;;;;;;;;;;;;;;;;
Xorijiy til (Ispan tili);Completa el dialogo. - ?Qu? hora es?;0;Es la una de la tarde;Somos estudiantes;Tengo hambre.;Tengo 17 a?os;;;;;;;;;;;;;;;;;;;;;;;;;;;;;;;;;;;;;;;;;;;;;;;;;;;;;;;
Xorijiy til (Ispan tili);Completa con la forma adecuada de SER. - ?T? _______ hermano de Laura? - S?, soy su hermano.;0;eres;somos;son ;soy;;;;;;;;;;;;;;;;;;;;;;;;;;;;;;;;;;;;;;;;;;;;;;;;;;;;;;;
Xorijiy til (Ispan tili);Completa con la forma adecuada de NADAR. Mar?o __________ muy bien, es el mejor nadador.;0;nada;nadamos;nadas;nadan;;;;;;;;;;;;;;;;;;;;;;;;;;;;;;;;;;;;;;;;;;;;;;;;;;;;;;;
Xorijiy til (Ispan tili);?C?mo es una persona que no le gusta hablar en p?blico?;0;t?mida;seria;habladora;enfadada;;;;;;;;;;;;;;;;;;;;;;;;;;;;;;;;;;;;;;;;;;;;;;;;;;;;;;;
Xorijiy til (Ispan tili);"Completa el dialogo con la forma adecuada de COMPRAR. - ?Vas a comprar tu el pan - No, Ana __________ .";0;compra;compramos;compro;compran;;;;;;;;;;;;;;;;;;;;;;;;;;;;;;;;;;;;;;;;;;;;;;;;;;;;;;;
Xorijiy til (Ispan tili);?En qu? parte de la casa nos duchamos?;0;En el ba?o;en la cocina;en la sala;en el comedor;;;;;;;;;;;;;;;;;;;;;;;;;;;;;;;;;;;;;;;;;;;;;;;;;;;;;;;
Xorijiy til (Ispan tili);?En qu? parte de la casa nosotros dormimos?;0;en el dormitorio;en el despacho;en el ba?o;en la cocina;;;;;;;;;;;;;;;;;;;;;;;;;;;;;;;;;;;;;;;;;;;;;;;;;;;;;;;
Xorijiy til (Ispan tili);Encuentra la respuesta correcta. ?De d?nde eres?;0;Soy venezolano;estoy venezolano;como venezolano;hacemos venezolano;;;;;;;;;;;;;;;;;;;;;;;;;;;;;;;;;;;;;;;;;;;;;;;;;;;;;;;
Xorijiy til (Ispan tili);?En qu? parte de la casa nosotros comemos?;0;en el comedor;en el dormitorio;en el ba?o;en el pasillo;;;;;;;;;;;;;;;;;;;;;;;;;;;;;;;;;;;;;;;;;;;;;;;;;;;;;;;
Xorijiy til (Ispan tili);?Cu?l de estas palabras puede ser un color y una fruta?;0;naranja;manzana;platano;amarillo;;;;;;;;;;;;;;;;;;;;;;;;;;;;;;;;;;;;;;;;;;;;;;;;;;;;;;;
Xorijiy til (Ispan tili);Completa con la forma adecuada de QUERER. Juan _______ tomar un caf? esta tarde.;0;quiere;quiero;queremos;;;;;;;;;;;;;;;;;;;;;;;;;;;;;;;;;;;;;;;;;;;;;;;;;;;;;;;;
Xorijiy til (Ispan tili);Ponga la preposici?n. Sus abuelos son ____ Brasil. Son brasile?os.;0;de;con;sin;a;;;;;;;;;;;;;;;;;;;;;;;;;;;;;;;;;;;;;;;;;;;;;;;;;;;;;;;
Xorijiy til (Ispan tili);Completa con la palabra adecuada. En la ___________ puedes nadar.;0;piscina;escalera;ascensor;cama;;;;;;;;;;;;;;;;;;;;;;;;;;;;;;;;;;;;;;;;;;;;;;;;;;;;;;;
Xorijiy til (Ispan tili);Completa con la forma adecuada de SER. Mis padres _______ profesores.;0;son;somos;so?s;es;;;;;;;;;;;;;;;;;;;;;;;;;;;;;;;;;;;;;;;;;;;;;;;;;;;;;;;
Xorijiy til (Ispan tili); Completa con las preposiciones. Manuel lleg? _________ libros.;0;sin;desde;hasta;hacia;;;;;;;;;;;;;;;;;;;;;;;;;;;;;;;;;;;;;;;;;;;;;;;;;;;;;;;
Xorijiy til (Ispan tili);Encuentra la palabra correcta. Nuestro hermano peque?o ________ 5 a?os.;0;tiene;llega;come;habla;;;;;;;;;;;;;;;;;;;;;;;;;;;;;;;;;;;;;;;;;;;;;;;;;;;;;;;
Xorijiy til (Ispan tili);Completa con la forma adecuada de GUSTAR. Me ________ los deportes. Mi favorito es el f?tbol.;0;gustan;gustas;gust?is;gusto;;;;;;;;;;;;;;;;;;;;;;;;;;;;;;;;;;;;;;;;;;;;;;;;;;;;;;;
Xorijiy til (Ispan tili);Elige la palabra correspondiente. Las clases de espa?ol son _______.;0;interesantes;interesante;interesanta;correcta;;;;;;;;;;;;;;;;;;;;;;;;;;;;;;;;;;;;;;;;;;;;;;;;;;;;;;;
Xorijiy til (Ispan tili);Completa con la palabra correspondiente. Hoy estoy _________ cansada.;0;muy;mucho;much?simo;poca;;;;;;;;;;;;;;;;;;;;;;;;;;;;;;;;;;;;;;;;;;;;;;;;;;;;;;;
Xorijiy til (Ispan tili);Completa con el verbo correspondiente. En mi tiempo libre me gusta  __________ m?sica.;0;escuchar;leer;sentir;oler;;;;;;;;;;;;;;;;;;;;;;;;;;;;;;;;;;;;;;;;;;;;;;;;;;;;;;;
Xorijiy til (Ispan tili);Completa con la forma adecuada de TRABAJAR. Nosotros ____________ en una empresa importante.;0;trabajamos;trabaj?is;trabajo;trabajas;;;;;;;;;;;;;;;;;;;;;;;;;;;;;;;;;;;;;;;;;;;;;;;;;;;;;;;
Xorijiy til (Ispan tili);Completa con la palabra correspondiente. En mi calle _______ un colegio.;0;hay;est?;habr?;es;;;;;;;;;;;;;;;;;;;;;;;;;;;;;;;;;;;;;;;;;;;;;;;;;;;;;;;
Xorijiy til (Ispan tili);Completa con la preposici?n correcta. Todos los d?as desayuno ___ las 8 de la ma?ana.;0;a;de ;con;para;;;;;;;;;;;;;;;;;;;;;;;;;;;;;;;;;;;;;;;;;;;;;;;;;;;;;;;
Xorijiy til (Ispan tili);Encuentra la palabra correspondiente. Vivo en una casa _______.;0;c?moda;interesante;peque?o;viejo;;;;;;;;;;;;;;;;;;;;;;;;;;;;;;;;;;;;;;;;;;;;;;;;;;;;;;;
Xorijiy til (Ispan tili);Completa con la forma adecuada de ESCRIBIR. La secretaria ___________  muchas cartas.;0;escribe;escribo;escrib?s;escriben;;;;;;;;;;;;;;;;;;;;;;;;;;;;;;;;;;;;;;;;;;;;;;;;;;;;;;;
Xorijiy til (Ispan tili);"Completa con la forma adecuada de SER. Mis abuelos ________  muy amables. ";0;son;somos;soy;es;;;;;;;;;;;;;;;;;;;;;;;;;;;;;;;;;;;;;;;;;;;;;;;;;;;;;;;
Xorijiy til (Ispan tili);Completa con la forma adecuada de SER.T? _________ de Colombia. ;0;eres;son;somos;soy;;;;;;;;;;;;;;;;;;;;;;;;;;;;;;;;;;;;;;;;;;;;;;;;;;;;;;;
Xorijiy til (Ispan tili);"Completa con la forma adecuada de ESTAR. Ahora (yo) ___________  en la escuela. ";0;estoy;est?s;est?is;estan;;;;;;;;;;;;;;;;;;;;;;;;;;;;;;;;;;;;;;;;;;;;;;;;;;;;;;;
Xorijiy til (Ispan tili);Encuentra el color de las cosas. El cielo es ________ .;0;azul;amarillo;rosa;marr?n;;;;;;;;;;;;;;;;;;;;;;;;;;;;;;;;;;;;;;;;;;;;;;;;;;;;;;;
Xorijiy til (Ispan tili);Completa con la forma adecuada de CONOCER. Yo no _________ a esta chica. ;0;conozco;conoce;conocemos;conocen;;;;;;;;;;;;;;;;;;;;;;;;;;;;;;;;;;;;;;;;;;;;;;;;;;;;;;;
Xorijiy til (Ispan tili);Completa con la forma adecuada de EMPEZAR. La pel?cula __________ a las 8 en punto. ;0;empieza;empezamos;empez?is;empiezo;;;;;;;;;;;;;;;;;;;;;;;;;;;;;;;;;;;;;;;;;;;;;;;;;;;;;;;
Xorijiy til (Ispan tili);Ponga la preposici?n correcta. Luisa toma el caf? _________ leche. ;0;con ;de;por;para;;;;;;;;;;;;;;;;;;;;;;;;;;;;;;;;;;;;;;;;;;;;;;;;;;;;;;;
Xorijiy til (Ispan tili);Ponga la preposici?n correcta. Jos? es______ Madrid. ;0;de;con;desde;por;;;;;;;;;;;;;;;;;;;;;;;;;;;;;;;;;;;;;;;;;;;;;;;;;;;;;;;
Xorijiy til (Ispan tili);Ponga la preposici?n correcta. _______la plaza hay mucha gente. ;0;en;de;por;a;;;;;;;;;;;;;;;;;;;;;;;;;;;;;;;;;;;;;;;;;;;;;;;;;;;;;;;
Xorijiy til (Ispan tili);Ponga la preposici?n correcta. Este es el mes _______ Enero.;0;de;a ;con;para;;;;;;;;;;;;;;;;;;;;;;;;;;;;;;;;;;;;;;;;;;;;;;;;;;;;;;;
Xorijiy til (Ispan tili);Ponga la preposici?n correcta. Vamos ______ la fiesta.;0;a;con;por;de;;;;;;;;;;;;;;;;;;;;;;;;;;;;;;;;;;;;;;;;;;;;;;;;;;;;;;;
Xorijiy til (Ispan tili);Ponga la preposici?n correcta.  Ahora est? ______ Espa?a.;0;en;con;de;por;;;;;;;;;;;;;;;;;;;;;;;;;;;;;;;;;;;;;;;;;;;;;;;;;;;;;;;
Xorijiy til (Ispan tili);Completa con la forma adecuada de IR. Mi prima y yo __________ al centro comercial.;0;vamos;van;voy;vas;;;;;;;;;;;;;;;;;;;;;;;;;;;;;;;;;;;;;;;;;;;;;;;;;;;;;;;
Xorijiy til (Ispan tili);Completa con la forma adecuada de IR. ?A qu? hora __________ t? al cine?;0;vas;van;vamos;voy;;;;;;;;;;;;;;;;;;;;;;;;;;;;;;;;;;;;;;;;;;;;;;;;;;;;;;;
Xorijiy til (Ispan tili);Completa con la forma adecuada de IR. Mis amigos __________ a clases de f?tbol.;0;van;vamos;voy;vais;;;;;;;;;;;;;;;;;;;;;;;;;;;;;;;;;;;;;;;;;;;;;;;;;;;;;;;
Xorijiy til (Ispan tili);Elige la respuesta correcta. Padre de mi padre es mi _________.;0;abuelo;t?o;primo;cu?ado;;;;;;;;;;;;;;;;;;;;;;;;;;;;;;;;;;;;;;;;;;;;;;;;;;;;;;;
Xorijiy til (Ispan tili);Elige la respuesta correcta. Hijo de mi t?a es mi __________.;0;primo;cu?ado;abuelo;padre;;;;;;;;;;;;;;;;;;;;;;;;;;;;;;;;;;;;;;;;;;;;;;;;;;;;;;;
Xorijiy til (Ispan tili);?En cu?ntos pa?ses del mundo el espa?ol es la lengua oficial?;0;mas de 20;mas de 40;mas de 10;mas de 30;;;;;;;;;;;;;;;;;;;;;;;;;;;;;;;;;;;;;;;;;;;;;;;;;;;;;;;
Xorijiy til (Ispan tili);Elige la respuesta correcta. Mi madre __________ muy guapa.;0;es;tiene;est?;va;;;;;;;;;;;;;;;;;;;;;;;;;;;;;;;;;;;;;;;;;;;;;;;;;;;;;;;
Xorijiy til (Ispan tili);?Qu? es el Flamenco?;0;una danza;un juego;un cantante;una historia;;;;;;;;;;;;;;;;;;;;;;;;;;;;;;;;;;;;;;;;;;;;;;;;;;;;;;;
Xorijiy til (Ispan tili);?Qu? color simboliza a Espa?a?;0;rojo;azul;amarillo;marr?n;;;;;;;;;;;;;;;;;;;;;;;;;;;;;;;;;;;;;;;;;;;;;;;;;;;;;;;
Xorijiy til (Ispan tili);Encuentra las ciudades de Espa?a.;0;Madrid, Barcelona, M?laga;Paris, Santander, Alicante;Valencia, Monreal, Sevilla;Granada, Madrid, Andorra;;;;;;;;;;;;;;;;;;;;;;;;;;;;;;;;;;;;;;;;;;;;;;;;;;;;;;;
Xorijiy til (Ispan tili);Elige la respuesta correcta. El baloncesto __________ nuestro deporte favorito. ;0;es;tiene;est?;da ;;;;;;;;;;;;;;;;;;;;;;;;;;;;;;;;;;;;;;;;;;;;;;;;;;;;;;;
Xorijiy til (Ispan tili);Completa con la preposici?n correcta. Me voy __________ casa a merendar.;0;a;de;con;para;;;;;;;;;;;;;;;;;;;;;;;;;;;;;;;;;;;;;;;;;;;;;;;;;;;;;;;
Xorijiy til (Ispan tili);La capital de Espa?a es _________;0;Madrid;Barcelona;Sevilla;Valencia;;;;;;;;;;;;;;;;;;;;;;;;;;;;;;;;;;;;;;;;;;;;;;;;;;;;;;;
Xorijiy til (Ispan tili);Elige la respuesta correcta. Mi hermano y yo __________ en el jard?n.;0;estamos;tenemos;estudian;corren;;;;;;;;;;;;;;;;;;;;;;;;;;;;;;;;;;;;;;;;;;;;;;;;;;;;;;;
Xorijiy til (Ispan tili);Completa con la preposici?n correcta.  Este libro es __________ ti.;0;para;con ;hasta;sin;;;;;;;;;;;;;;;;;;;;;;;;;;;;;;;;;;;;;;;;;;;;;;;;;;;;;;;
Xorijiy til (Ispan tili);Selecciona las terminaci?nes del presente de indicativo a primera conjugaci?n (-ar);0; -o, -as, -a, -amos, -?is, -an.; -o, -es, -e, -emos, -?is, -en.; -o, -es. -e -imos, -?s, -en; -?, -?ste, -i?, -imos, -isteis, -ieron;;;;;;;;;;;;;;;;;;;;;;;;;;;;;;;;;;;;;;;;;;;;;;;;;;;;;;;
Xorijiy til (Ispan tili);Encuentra la respuesta correcta. ?De d?nde eres?;0;Soy venezolano;estoy venezolano;como venezolano;hacemos venezolano;;;;;;;;;;;;;;;;;;;;;;;;;;;;;;;;;;;;;;;;;;;;;;;;;;;;;;;
Xorijiy til (Ispan tili);Elige la respuesta correcta. Hoy __________ tu cumplea?os. ;0;es;est?;tiene;pueden;;;;;;;;;;;;;;;;;;;;;;;;;;;;;;;;;;;;;;;;;;;;;;;;;;;;;;;
Xorijiy til (Ispan tili);Completa con la preposici?n correcta. Salgo ______la escuela a las 7 la tarde.;0;de;con;por;a;;;;;;;;;;;;;;;;;;;;;;;;;;;;;;;;;;;;;;;;;;;;;;;;;;;;;;;
Xorijiy til (Ispan tili);Selecciona las terminaci?nes del presente de indicativo a segunda conjugaci?n (-er);0; -o, -es, -e, -emos, -?is, -en.; -o, -as, -a, -amos, -?is, -an.; -o, -es. -e -imos, -?s, -en; -?, -?ste, -i?, -imos, -isteis, -ieron;;;;;;;;;;;;;;;;;;;;;;;;;;;;;;;;;;;;;;;;;;;;;;;;;;;;;;;
Xorijiy til (Ispan tili);Encuentra la palabra correspondiente. Vivo en una casa _______.;0;c?moda;interesante;peque?o;viejo;;;;;;;;;;;;;;;;;;;;;;;;;;;;;;;;;;;;;;;;;;;;;;;;;;;;;;;
Xorijiy til (Ispan tili);Completa con la forma adecuada de PODER. Nosotros no __________ hacer nada.;0;podemos;puedas;puedo;pod?is;;;;;;;;;;;;;;;;;;;;;;;;;;;;;;;;;;;;;;;;;;;;;;;;;;;;;;;
Xorijiy til (Ispan tili);Completa con la preposici?n correcta. La fuente __________ parque est? rota.;0;del;al;con;para;;;;;;;;;;;;;;;;;;;;;;;;;;;;;;;;;;;;;;;;;;;;;;;;;;;;;;;
Xorijiy til (Ispan tili);?Qu? n?mero es: «21»?;0;veintiuno;quince;catorce;diecis?is;;;;;;;;;;;;;;;;;;;;;;;;;;;;;;;;;;;;;;;;;;;;;;;;;;;;;;;
Xorijiy til (Ispan tili);Completa con la forma adecuada de IR. Mis padres __________ al trabajo todos los d?as.;0;van;vamos;voy;vas;;;;;;;;;;;;;;;;;;;;;;;;;;;;;;;;;;;;;;;;;;;;;;;;;;;;;;;
Xorijiy til (Ispan tili);?Con qu? d?a termina la semana?;0;domingo;jueves;lunes;mi?rcoles;;;;;;;;;;;;;;;;;;;;;;;;;;;;;;;;;;;;;;;;;;;;;;;;;;;;;;;
Xorijiy til (Ispan tili);Selecciona las terminaci?nes del presente de indicativo a tercera conjugaci?n (-ir);0; -o, -es. -e -imos, -?s, -en; -o, -es, -e, -emos, -?is, -en.; -?, -?ste, -i?, -imos, -isteis, -ieron; -o, -as, -a, -amos, -?is, -an.;;;;;;;;;;;;;;;;;;;;;;;;;;;;;;;;;;;;;;;;;;;;;;;;;;;;;;;
Xorijiy til (Ispan tili);?Qu? n?mero es: «199»?;0;ciento noventa y nueve;ciento cuarenta y dos;ciento cincuenta y tres;ciento treinta y ocho;;;;;;;;;;;;;;;;;;;;;;;;;;;;;;;;;;;;;;;;;;;;;;;;;;;;;;;
Xorijiy til (Ispan tili);?En qu? pa?s est? la ciudad M?laga?;0;Espa?a;Francia;Alemania;Breta?ia;;;;;;;;;;;;;;;;;;;;;;;;;;;;;;;;;;;;;;;;;;;;;;;;;;;;;;;
Xorijiy til (Ispan tili);Elige la respuesta correcta. ?lvaro y Daniela __________ tus primos. ;0;son;mis;nuestro;somos;;;;;;;;;;;;;;;;;;;;;;;;;;;;;;;;;;;;;;;;;;;;;;;;;;;;;;;
Xorijiy til (Ispan tili);Selecciona la palabra que lleva diptongo.;0;suelo;contra;doy;madre;;;;;;;;;;;;;;;;;;;;;;;;;;;;;;;;;;;;;;;;;;;;;;;;;;;;;;;
Xorijiy til (Ispan tili);Elige el sustantivo.;0;ordenador;ocho;los;nueve;;;;;;;;;;;;;;;;;;;;;;;;;;;;;;;;;;;;;;;;;;;;;;;;;;;;;;;
Xorijiy til (Ispan tili);Completa con la forma adecuada de COMER. Manuel y yo no __________  el carne, somos vegeterianos.;0;comemos;comen;com?is;como;;;;;;;;;;;;;;;;;;;;;;;;;;;;;;;;;;;;;;;;;;;;;;;;;;;;;;;
Xorijiy til (Ispan tili);Completa con la forma adecuada de VENIR. Manolo _________ del trabajo muy tarde.;0;viene;venimos;ven?s;vengo;;;;;;;;;;;;;;;;;;;;;;;;;;;;;;;;;;;;;;;;;;;;;;;;;;;;;;;
Xorijiy til (Ispan tili);Elige la palabra correspondiente al significado.   __________ ir a clase.;0;Debo;color;Comes;Ordenador;;;;;;;;;;;;;;;;;;;;;;;;;;;;;;;;;;;;;;;;;;;;;;;;;;;;;;;
Xorijiy til (Ispan tili);Encuentra el n?mero.;0;ciento;fiesta;celular;nieve;;;;;;;;;;;;;;;;;;;;;;;;;;;;;;;;;;;;;;;;;;;;;;;;;;;;;;;
Xorijiy til (Ispan tili);Completa con la preposici?n correcta. Mi madre est? __________ mi abuela.;0;con;de;a;por;;;;;;;;;;;;;;;;;;;;;;;;;;;;;;;;;;;;;;;;;;;;;;;;;;;;;;;
Xorijiy til (Ispan tili);Completa con la forma adecuada de SALIR. Por las noches con mis amigos ____________ a dar una vuelta.;0;salimos;salgo;sales;sale;;;;;;;;;;;;;;;;;;;;;;;;;;;;;;;;;;;;;;;;;;;;;;;;;;;;;;;
Xorijiy til (Ispan tili);Alguien pregunta: «?Puedo abrir la ventana?». ?C?mo respondes formalmente que no?;0;Perdone, pero estoy resfriado.;S?, s?, ?brela.;Disculpe, pero est? resuelta.;no, no puedes;;;;;;;;;;;;;;;;;;;;;;;;;;;;;;;;;;;;;;;;;;;;;;;;;;;;;;;
Xorijiy til (Ispan tili);Completa con la forma adecuada de OIR. Lola no abre ventana porque ella _______ mal.;0;oye;oigo;oimos;oyes;;;;;;;;;;;;;;;;;;;;;;;;;;;;;;;;;;;;;;;;;;;;;;;;;;;;;;;
Xorijiy til (Ispan tili);Completa con la forma adecuada de IR. Yo __________ al colegio por la ma?ana;0;voy;vas;vamos;van;;;;;;;;;;;;;;;;;;;;;;;;;;;;;;;;;;;;;;;;;;;;;;;;;;;;;;;
Xorijiy til (Ispan tili);?Qu? color simboliza a Espa?a?;0;rojo;azul;amarillo;marr?n;;;;;;;;;;;;;;;;;;;;;;;;;;;;;;;;;;;;;;;;;;;;;;;;;;;;;;;
Xorijiy til (Ispan tili);Selecciona la forma plural de la palabra LIBRO.;0;libros;comes;cuaderno;plumas;;;;;;;;;;;;;;;;;;;;;;;;;;;;;;;;;;;;;;;;;;;;;;;;;;;;;;;
Xorijiy til (Ispan tili);Eliga la palabra correspondiente. La persona que crece las flores y plantas es __________ .;0;jardinero;m?dico;alcalde;piloto;;;;;;;;;;;;;;;;;;;;;;;;;;;;;;;;;;;;;;;;;;;;;;;;;;;;;;;
Xorijiy til (Ispan tili);Completa con la forma adecuada de LEER. Raqu?l _________ mucho, porque le gusta leer.;0;lee ;leen;leo;leemos;;;;;;;;;;;;;;;;;;;;;;;;;;;;;;;;;;;;;;;;;;;;;;;;;;;;;;;
Xorijiy til (Ispan tili);Selecciona la palabra que lleva triptongo.;0;limpi?is;columbiano;cuaderno;sonido;;;;;;;;;;;;;;;;;;;;;;;;;;;;;;;;;;;;;;;;;;;;;;;;;;;;;;;
Xorijiy til (Ispan tili);Completa con la forma adecuada de SER. - ?T? _______ hermano de Laura? - S?, soy su hermano.;0;eres;somos;son ;soy;;;;;;;;;;;;;;;;;;;;;;;;;;;;;;;;;;;;;;;;;;;;;;;;;;;;;;;
Xorijiy til (Ispan tili);Completa con la forma adecuada de NADAR. Mar?o __________ muy bien, es el mejor nadador.;0;nada;nadamos;nadas;nadan;;;;;;;;;;;;;;;;;;;;;;;;;;;;;;;;;;;;;;;;;;;;;;;;;;;;;;;
Xorijiy til (Ispan tili);?C?mo es una persona que no le gusta hablar en p?blico?;0;t?mida;seria;habladora;enfadada;;;;;;;;;;;;;;;;;;;;;;;;;;;;;;;;;;;;;;;;;;;;;;;;;;;;;;;
Xorijiy til (Ispan tili);Selecciona la palabra que lleva diptongo.;0;respuesta;color;pluma;rat?n;;;;;;;;;;;;;;;;;;;;;;;;;;;;;;;;;;;;;;;;;;;;;;;;;;;;;;;
Xorijiy til (Ispan tili);Selecciona la forma plural de la palabra BEBIDA.;0;bebidas;bebimos;limonada;agua;;;;;;;;;;;;;;;;;;;;;;;;;;;;;;;;;;;;;;;;;;;;;;;;;;;;;;;
Xorijiy til (Ispan tili);Completa con la forma adecuada de CAER. En invierno muchas personas  ________  en la escarcha.;0;caen;caigo;caemos;caes;;;;;;;;;;;;;;;;;;;;;;;;;;;;;;;;;;;;;;;;;;;;;;;;;;;;;;;
Xorijiy til (Ispan tili);Encuentra la respuesta correcta. ?C?mo es tu nombre?;0;Mi nombre es Ana.;Encantado;Muchas gracias.;Muy bien, ?y t??;;;;;;;;;;;;;;;;;;;;;;;;;;;;;;;;;;;;;;;;;;;;;;;;;;;;;;;
Xorijiy til (Ispan tili);Completa con la forma adecuada de QUERER. Yo _________ estudiar el japones.;0;quiero;quieres;quiere;queremos;;;;;;;;;;;;;;;;;;;;;;;;;;;;;;;;;;;;;;;;;;;;;;;;;;;;;;;
Xorijiy til (Ispan tili);Selecciona la palabra que lleva triptongo.;0;continu?is;puedo;sacerdote;qu?mica;;;;;;;;;;;;;;;;;;;;;;;;;;;;;;;;;;;;;;;;;;;;;;;;;;;;;;;
Xorijiy til (Ispan tili);Completa con el art?culo correspondiente. Durante ____ pandem?a de coronavirus, es necesario estar en casa.;0;la;el ;los;una;;;;;;;;;;;;;;;;;;;;;;;;;;;;;;;;;;;;;;;;;;;;;;;;;;;;;;;
Xorijiy til (Ispan tili);Elige la respuesta correcta. La hija de mi hermano es mi ___________ .;0;sobrina;sobrino;prima;prima;;;;;;;;;;;;;;;;;;;;;;;;;;;;;;;;;;;;;;;;;;;;;;;;;;;;;;;
Xorijiy til (Ispan tili);Selecciona la forma plural de la palabra ESTUDIANTE.;0;estudiantes;estudian;estudiamos;estudio;;;;;;;;;;;;;;;;;;;;;;;;;;;;;;;;;;;;;;;;;;;;;;;;;;;;;;;
Xorijiy til (Ispan tili);Completa con la forma adecuada de COMER. Manuel y yo no __________  el carne, somos vegeterianos.;0;comemos;comen;com?is;como;;;;;;;;;;;;;;;;;;;;;;;;;;;;;;;;;;;;;;;;;;;;;;;;;;;;;;;
Xorijiy til (Ispan tili);Encuentra el verbo.;0;dormir;almuerzo;color;m?sica;;;;;;;;;;;;;;;;;;;;;;;;;;;;;;;;;;;;;;;;;;;;;;;;;;;;;;;
Xorijiy til (Ispan tili);Selecciona la palabra que lleva diptongo.;0;cielo;catorce;marar;ordenador;;;;;;;;;;;;;;;;;;;;;;;;;;;;;;;;;;;;;;;;;;;;;;;;;;;;;;;
Xorijiy til (Ispan tili);?Qu? n?mero es: «99»?;0;noventa y nueve;cuarenta y dos;cincuenta y tres;treinta y ocho;;;;;;;;;;;;;;;;;;;;;;;;;;;;;;;;;;;;;;;;;;;;;;;;;;;;;;;
Xorijiy til (Ispan tili);Elige la respuesta correcta. Hola, ?qu? tal?;0;Muy bien, ?y t??;Muchas gracias;De nada.;Encantado.;;;;;;;;;;;;;;;;;;;;;;;;;;;;;;;;;;;;;;;;;;;;;;;;;;;;;;;
