Savol;Javob1;Javob2;Javob3;Javob4;
1.Adabiy tilning qanday shakli bor?;og`zaki adabiy til va yozma adabiy til;Xalq shevalari va adabiy til;so`zlashuv uslubi va kitobiy til;so`zlashuv, ilmiy, rasmiy va badiiy uslublar;
2.Xalq shevalarining qanday shakli mavjud?;Umumxalq tili va adabiy til shakli;Faqat yozma shakli;Faqat og’zaki shakli;Faqat adabiy til shakli;
3.Termin nima?;Kasbiy tushunchani belgilovchi, bir ma’noga ega bo‘lgan so‘z;Tarixiy so`z;Bir ma’noga ega bo‘lmagan so‘z; Kasbiy tushunchani bildirmasdan, ko‘p ma’nolikka ega so‘z;
4.Termin so‘zi qaysi tildan olingan?;lotin;ingliz;arab;rus;
5.So‘zning termindan asosiy farqi nimada?;matndaturlima`nolardakelishi,barchauchuntushunarlibo`lishi, ko‘pma’nogaegabo‘lishi;Barcha uchun tushunarli bo`lishi;Matnda turli ma`nolarda kelishi;ko‘p ma’nosi ega bo‘lishi;
6.Termin qaysi sohaga tegishli boladi?;iqtisodiyotga, fan-texnikasohasiga, ishlab chiqarishga;Ishlab chiqarishga;fan-texnika sohaga;iqtisodiyotga;
7.Taqriz so`ziqandayma’noni anglatadi?;ijobiy baho;a’lo baho;salbiy baho;Yaxshi baho;
8.XX asrdan so‘ng o‘zbek xonlari va amirlari saroylarida yozilgan turli xil hujjatlar ………………………..bilan ajralib turadi.;o‘ziga xos mazmuni, muayyan tartibi va nutqiy qolipi;o‘ziga xos mazmuni, muayyan tartibi ;o‘ziga xos mazmuni va nutqiy qolipi;aniqligi, to‘g‘riligi, muayyan tartibi;
9.Hujjatlarmatnigaqo`yiladiganengmuhimtalablarnima?;Xolislik, aniqlik, ixchamlik, lo‘ndalik, mazmuniy to‘liqlik;Samimiylik, ixchamlik, lo‘ndalik,mazmuniy to‘liqlik;to‘g‘rilik, lo‘ndalik, mazmuniy to‘liqlik;aniqlik,  ixchamlik, lo‘ndalik, mazmuniy to‘liqlik;
10.Tuzilish o‘rniga ko‘ra  hujjatlar qandayfarqlanadi?;ichki va tashqi;sodda va murakkab;Qolipli va namunaviy;Xususiy va umumiy;
11.Mazmuniga ko‘ra hujjatlar qanday farqlanadi?;sodda va murakkab;Shaxsiy va rasmiy;Qolipli va namunaviy;Xususiy va umumiy;
12.Mazmun bayonining shakli jihatidan hujjatlar qandayfarqlanadi?;xususiy, namunaviy, qolipli;namunaviy, qolipli;xususiy, namunaviy,xizmat (rasmiy);xususiy, namunaviy, qolipli, xizmat (rasmiy);
13.Xizmat (rasmiy) va shaxsiy hujjatlar  qanday  jihatiga ko‘ra  farqlanadi?;tegishlilik;qoliplilik;xususiylik;umumiylik;
14.Asl nusxa yo‘qolgan hollarda hujjatning ikkinchi nusxasi (dublikati) beriladi va u asl nusxa bilan teng huquqlidir.Yuqoridagi ta’rifqaysinushagategishli?;Ikkinchi nusxa;Asl nusxa;Ko‘chirma nusxa;Erkin nusxa;
15.Guvohnoma, yo‘riqnoma, nizom, qoida, ustav, shartnomalar qanday hujjatlar turiga kiradi?;Tashkiliy hujjatlar;Farmoyish hujjatlar;Xizmat bilan bog‘liq hujjatlar;umumiyhujjatlar;
16.Ikki yoki undan ortiq tomonning fuqarolik huquqlari va majburiyatlarini belgilash, o‘zgartirish yoki to`xtatish yo`lidagi kelishuvi, boshqacha  aytganda,  tomonlarning biron-bir munosabatlar o`rnatish haqidagi kelishuvi (bitimi)ni qayd etuvchi va munosabatlarni tartibga soluvchi hujjat – bu…;Shartnoma;Farmoyish;Dalolatnoma;Farmoyish xati;
17.Muassasa ma’muriyati, shuningdek, bo‘limlarning rahbarlari tomonidan amaliy masalalar yuzasidan qabul qilinadigan,  amal qilish muddati cheklangan, bo‘limlarning tor doirasiga, ayrim mansabdor shaxslar va fuqarolarga taalluqli bo‘ladiganhujjat – bu….;buyruq;Farmoyish;farmon;da’voxati;
18.Dalolatnoma- bu;muassasa yoki ayrim shaxslar faoliyati bilan bog‘liq biron bir bo‘lib o‘tgan (sodir bo‘lgan) voqea, hodisa, ish harakatni yoki mavjud holatnitasdiqlash, unga guvohlik berish maqsadida bir necha kishi tomonidan tuzilgan hujjatdir;ma’lum bir muassasaningboshqa bir idora yoki transport tashkilotlariga nisbatan talab va e’tirozlari bayon qilingan xat;bir tarmoqqa tegishli quyi muassasalarning barchasiga yo‘llangan rasmiy hujjat. Ularningasosiyvazifasiaynibir mazmundagi xabarni bir necha manzilga yetkazishdir;jo‘natilgan iltimos va so‘rov xatlariga javob olinmasa, shuningdek, tuzilgan shartnomalar muddati buzilganda yoki unga amal qilinmagan hollarda  yuboriladi;
19.Javob xatni talab qiluvchi xatlar qatori to‘g‘rikeltirilganqatorni ko‘rsating.;da’vo xatlar, so‘rov xatlar, iltimos xatlar;ilova xat, tasdiq xat, eslatma xat, axborot xat, kafolat xat;so‘rov xatlar, iltimos xatlar,ilova xat, tasdiq xat, eslatma xat;ilova xat, tasdiq xat, eslatma xat, so‘rov xatlar, iltimos xatlar;
20.Rus baynalmilal iqtisodiy terminlarni aynan tarjimasiz qo’llanilgan qatorni aniqlang;valyuta, dollar, kredit, lizing;defittsit, kredit, reforma, buxgalter;anketa, valyuta, litsenziya, audit.;kapital, turizm, bank, menedjer.  ;
21.Qonunmatnlari, farmonlar, shartnomalarkabiishqog’ozlariqaysiuslubdayoziladi?;rasmiyuslub;Publitsistikuslub.;Ilmiyuslub;Badiiyuslub;
22.Qaysiiqtisodiyterminnoto’g’riyozilgan?;lizin;biznes;audit;valyuta;
23.Nutq odobi nima?;adabiy normadagi nutq;ma’no ifodalovchi gap birligi.;adabiy normadagi gap.;oliy ma’lumotlarga ega bo’lish.;
24.Tоshkеnt mоliya instituti qаchоn, qаndаy fаkultеtlаr nеgizidа tаshkil etilgаn?;1991-yil, mоliya-krеdit vа hisоb-iqtisоd fаkultеtlаri nеgizidа;1992-yil, mоliya-krеdit vа g‘аznаchilik fаkultеtlаri nеgizidа;1993 -yil, hisоb-iqtisоd vа bоshqаruv fаkultеtlаri nеgizidа;1992-yil, hisоb-iqtisоd vа mоliya fаkultеtlаri nеgizidа;
25.Institutimizdа nеchtа fаkultеt mаvjud?;7tа fаkultеt;5tа fаkultеt;6tа fаkultеt;8tа fаkultеt;
26.O‘rtаОsiyo tаriхidа birinchi аkаdеmiya qаchоn vа qаyеrdа tаshkil etilgаn?;1004-1005-yillаrdаХоrаzmdа;1006-1007-yillаrdа Sаmаrqаnddа;1007-1008-yillаrdаХоrаzmdа;1000-1002-yillаrdа Sаmаrqаnddа;
27.O‘rtаОsiyo tаriхidаgi birinchi аkаdеmiyaning tаshkil etilishidа qаysi sulоlа muhim аhаmiyatgа egа?;Mа’muniylаr;Sаljuqiylаr;Аhmоniylаr;Tеmuriylаr;
28.Хоrаzm Mа’mun аkаdеmiyasining 1000 yilligi nеchаnchi yildа nishоnlаngаn?;2005-yildа;2008-yildа;2006-yildа;2000-yildа;
29.1997-yil 11-nоyabrdаn bоshlаb…;O‘zbеkistоn Prеzidеnti I.А.Kаrimоvning “Хоrаzm Mа’mun аkаdеmiyasini tiklаsh to‘g‘risidа”gi Fаrmоni qаbul qilindi;BMTning Yunеskо tаshkilоti Mа’mun аkаdеmiyasining 1000 yilligini o‘tkаzish to‘g‘risidа qаrоr qаbul qildi;“Dаrul Hikmа vа mаоrif” ilmiy tаshkilоti fаоliyat ko‘rsаtа bоshlаdi.;Bаyt-ul Hikmа аkаdеmiyasi” qаytа tiklаndi;
30.Oila – bu jamiyatning…;tayanchi;negizi;asosi;qudrati;
31.Nechanchiyildane’tiboran Xalqaro oila kuninishonlanadi?;1994-yil 15-may;1998-yil 18-may;1997-yil 20-may;1999-yil 25-may;
32.Nuqtalaro‘rniga so‘zlarningmosiniqo‘ying. Oilaningvujudgakelishida … asosbo‘ladi.;Nikoh;Jamiyat;Turmush;Davlat;
33.Nuqtalar o‘rniga so‘zlarningmosiniqo‘ying. Mardlik – buinsonningoliyfazilatibo‘lib, unda … mujassamlangandir.;Botirlik;Qahramonlik, sadoqat;Vafo;Botirlik, qahramonlik, sadoqat,vafo;
34.Mardkishilaro‘z orzu-niyatlariniamalgaoshirishdanimagaishonadilar?;Iqtidoriga, bilim, kuch-g‘ayratiga;Puliga;Tanishiga;Do‘stiga;
35.Jamiyat olg‘a qarab harakat qilarekan, yoshlar ham o‘sha baravarida o‘sishlarikerak. Ushbu gap qaysiuslubgaxos?;Publitsistikuslubga;So‘zlashuvuslubiga;Badiiyuslubga;Rasmiy-idoraviyuslubga;
36.Har kimbilimolishhuquqigaega. Ushbu gap qaysiuslubgaxos?;Rasmiy-idoraviyuslubga;Badiiyuslubga;So‘zlashuvuslubiga;Ilmiyuslubga;
37.Alisher Navoiynechanchiyildavaqayerdatug‘ilgan?;1441-yil Hirotda;1445-yil Hirotda;1500-yil Mashhadda;1460-yil Astrobodda;
38.Alisher Navoiyasarlaridaqandayg‘oyalarilgarisuriladi?;dаvlаtchilik vа bоshqаruv usullаri, insоn vа uning jаmiyatdаgi o‘rni, yеtuk vа аdоlаtli jаmiyat, kоmil insоn, yaхshi хulq-оdоb vа mukаmmаl tа’lim-tаrbiya, ilg‘оr umuminsоniy g‘оyalаr;insоn vа uning jаmiyatdаgi o‘rni, yеtuk vа аdоlаtli jаmiyat;kоmil insоn, yaхshi хulq-оdоb vа mukаmmаl tа’lim-tаrbiya, ilg‘оr umuminsоniy g‘оyalаr;dаvlаtchilik vа bоshqаruv usullаri ;
39.Nutq uslublarito‘g‘ri ko‘rsatilganqatorni toping.;So‘zlashuv, ilmiy, badiiy, publisistik, rasmiy-idoraviy;Ilmiy, badiiy, publisistik, nutqningta’sirchanligi;So‘zlashuv, ilmiy, publisistik, rasmiy-idoraviy;Adabiy, rasmiy, nutqifodaliligi, publisistik;
40.So‘zlаshuv uslubining o‘zigа хоs xususiyalаriberilganqatorni toping.;Nutqningdialogikshakli,ta’sirchanligi,so‘ztartibining erkinligi,to‘liqsizgaplarningqo‘llanishi.;So‘z tartibiningerkinligi;To‘liqsizgaplarningqo‘llanishi;Nutqningdialogikshakli, ta’sirchanligi;
41.Bobur yaratganalifboqandaynomlanadi?;“XattiBoburiy”;“Muxtasar”;“Boburnoma”;“Mubayyin”;
42.Boburning “Mubayyin” asariqaysisohagabag‘ishlangan?;Qonunshunoslik(iqtisodiy) sohasiga;Musiqasohasiga;Harbiysohaga;Aruznazariyasigadoir;
43.Ekologik xavfningkelibchiqishsabablariberilganqatorni toping.;Hammajavoblarto‘g‘ri;Yеr, suv vа hаvоning insоn hаyоtigа zаrаrli dаrаjаdа iflоslаnishi;Yer yuzidа аhоli sоnining kеskin ko‘pаyishi оqibаtidа tаbiаt bilаn insоn o‘rtаsidаgi muvоzаnаtning buzilishi;XX аsrda tехnikаning rivоji, хаlq хo‘jаligini vа kundаlik turmushni kimyоlаshtirish;
44.Ekologik xavfning kelib chiqishi qaysi davrdan boshlangan?;XIX аsrning охiri - XX аsrning boshi;XVIII аsrning охiri - XIX аsrning boshi;XIX аsrning охiri - XX аsrning o‘rtalari;XX аsrning охiri - XXI аsrning boshi;
45.Quyidagi gap qaysiuslubgategishli? Quyoshg‘uborsizko‘kdaporlaredi.;Badiiyuslubga;Ilmiyuslubga;So‘zlashuvuslubiga;Rasmiyuslubga;
46.Keyingi yillardahavogachiqarilayotganvasuvgaoqizilayotganchiqindilarmiqdorikeskinkamaydi. Ushbu gap qaysiuslubgaxos?;Publitsistikuslubg;Ilmiyuslubga;Badiiyuslubga;So‘zlashuvuslubiga;
47.O‘zbekmilliyspоrtturiberilganqatorni toping.;Kurash;Tаеkvandо;Sаmbо;Bоks;
48.Agar havodachangva tuman bo‘lmasaedi, kishimingyilyashaganbo‘lardi. Ushbumisralarmuallifini toping.;Ibn Sino;Alisher Navoiy;Tolstoy;Forobiy;
49.Oltinarsakishiyuzinio‘zgartiradi? Kaykovusnimaninazardatutgan?;kutilmaganshodlik, birdankelgang‘am, g‘azab, uyqu, mastlikvaqarilik;kutilmaganshodlik, birdankelgang‘am;g‘azab, uyqu, mastlik, yoshlik, tush, mehr;xursandchilik, qayg‘u, baxt, mastlik, g‘azab, g‘am;
50.Inson o‘rtacha 70 yil umr ko‘rsa, shundan necha yilini uxlash bilano‘tkazadi?;23yilini;25 yilini;15 yilini;32 yilini;
51.Bir kishi o‘rtacha iqlim sharoitida yil davomidanechatonnagayaqinsuviste’molqiladi?;birtonnagayaqin;Ikkitonnagayaqin;Uchtonnagayaqin;Bir yarimtonnagayaqin;
51.Odam tanasida nechagrammga yaqin temirmoddasibo‘ladi?;80 gramm;100 gramm;50 gramm;70 gramm;
52.Rеspublikаdаgi аhоlining necha fоizdаn оrtig‘ini (o‘ttiz yoshdan oshmaganlar) yоshlаr tashkil qiladi?;60 foizdanortig‘ini;80 foizdanortig‘ini;35 foizdanortig‘ini;57 foizdanortig‘ini;
53.O‘zbek tilida nechta nutq uslubi mavjud?;5;2;3;4;
54.Fan, texnikavaishlabchiqarishbilanbog‘liqbo‘lganvazifaviyuslubqandayuslub?;ilmiyuslub;rasmiyuslub;so‘zlashuvuslub;publitsistikuslub;
55.O‘zbekistonRespublikasiningkonstitutsiyasidafuqarolarqonunoldidanimadanqat’inazartengdirlar;jinsi, irqi, millati, tili, dini, ijtimoiykelibchiqishi, e’tiqodi, shaxsivaijtimoiymavqeidanqat’in;shaxsivaijtimoiymavqeidanqat’inazar;jinsi, irqi, millati, ijtimoiykelibchiqishi;millati, tili, dini, e’tiqodi, shaxsivaijtimoiymavqeidanqat’inazar;
56.O‘zbekistonRespublikasiningkonstitutsiyasigako‘ra …;xalqdavlathokimiyatiningbirdan-birmanbaidir;Hokimiyatni vazirlar mahkamasi boshqaradi;davlat bosh islohotchi;fuqarolarqonunoldidamillati, tili, dini, ijtimoiykelibchiqishigaqarabajratiladi;
57.Milliy bоsiqlik, аndishа, yоshi ulug‘lаrgа hurmаt, o‘zаrо mаslаhаt, hаr qаndаy kеskinmаsаlаdа hаm tоmоnlаrning kеlishuvlаrigа аsоslаnаdigаn fаоliyat.;Shаrqоnа dеmоkrаtiya;Garb dеmоkrаtiyasi;Dеmоkrаtiya;Xalq hokimiyati;
58.Mа’nаviy mеzоnlаr аsоsidа bоshqаrilаdigаn, kuchli huquqiy dаvlаt, kuchli fuqаrоlik jаmiyati dеmаkdir. Bu ta’rif qaysi so‘zga tegishli?;Dеmоkrаtiya;Ma’naviyat;Hayot;Sharq;
59.Shаrqоnа dеmоkrаtiya qaysixususiyatlarigako‘ra g‘аrb dеmоkrаtiyasidаn fаrq qilаdi?;milliy bоsiqlik, аndishа, yоshi ulug‘lаrgа hurmаt, o‘zаrо mаslаhаt, hаr qаndаy kеskin mаsаlаdа hаm tоmоnlаrning kеlishuvlаrigа аsоslаnаdigаn fаоliyatdir. Аnа shu хususiyatlаri bilаn ushbu ijtimоiy tushunchа G‘аrb dеmоkrаtiyasidаn fаrq qilаdi;o‘zаrо mаslаhаt, hаr qаndаy kеskin mаsаlаdа hаm tоmоnlаrning kеlishuvlаrigа аsоslаnаdigаn fаоliyatdir. Аnа shu хususiyatlаri bilаn ushbu ijtimоiy tushunchа G‘аrb dеmоkrаtiyasidаn fаrq qilаdi;siyоsiy tаrtibsizliklаr, bоshbоshdоqlik vа mitingbоzlikni, hаr qаndаy fundаmеntаlistik vа qurоlli kuchlаrgа аsоslаngаn hаrаkаtlаrni oqlagаn hоldа o‘z fаоliyatini o‘zigа хоs yo‘lgа qo‘yadi;Shаrqоnа dеmоkrаtiya G‘аrb dеmоkrаtiyasidаn fаrq qilmаydi;
60.Dеmоkrаtiya - shundаn ibоrаtki, umuminsоniy nuqtаyi nаzаrdаn hаqiqаtаn hаm dеmоkrаtiya bittа, аmmо u…;milliy shаrоitlаr, mintаqаviy хususiyatlаr vа qit’аviy fаrq-tаfоvutlаrni inоbаtgа оlаdi, ya’ni kishilаrning, jаmiyatning аmаliyоti bilаn chаmbаrchаs bоg‘lаngаn;milliy shаrоitlаr, mintаqаviy хususiyatlаr vа qit’аviy fаrq-tаfоvutlаrni inоbаtgа оlаdi;milliy shаrоitlаr, mintаqаviy хususiyatlаr vа qit’аviy fаrq-tаfоvutlаrni inоbаtgа оlmаydi, ya’ni kishilаrning, jаmiyatning аmаliyоti bilаn chаmbаrchаs bоg‘lаnmagаn;o‘tmish sаbоqlаri vа hаyоt tаjribаsi аsоsidа izchil-ilmiy qаrаladi;
61.Birdan ortiq sodda gapning mazmun, grammatik va ohang jihatidan birikuvidantuzilgan gap qanday gap deyiladi?;qo‘shma gap;bog‘lochisiz gap;bog‘langan gap;sodda gap;
62.Qоnunni tushunish, bilish, hаyоtgа tаtbiq еtish, ijrоsini tа’minlаsh, hаr bir shахsning, fuqаrоning ijtimоiy hаyоtdа fаоl ishtirоki vа bundаy fаоllikni bоshqаlаrdаn hаm tаlаbqilish jаrаyоni - …;huquqiy mаdаniyat;mаdаniyat;ma’naviyat;ma’rifa;
63.Islоm Аbdug‘аniyеvich Kаrimоv mеhnаt fаоliyatiniqachonvaqayerdaboshlagan?;1960-yildа “Tаshsеlmаsh” zаvоdidа;1961-yilda TTZ zavodida;1961-yildаn V.P.Chkаlоv nоmidаgi Tоshkеnt аviаtsiya ishlаb chiqаrish birlаshmаsidа;1970-yildan Qashqadaryoviloyatida;
64.Islоm Аbdug‘аniyеvich Kаrimоv qachon muqоbillik аsоsidа o‘tgаn umumхаlq sаylоvidа O‘zbеkistоn Rеspublikаsi Prеzidеnti еtib sаylаndi?;1991-yil 29-dеkаbrdа;1991-yil 31-аvgustdа;1991-yil 25-dеkаbrdа;1991-yil 30-аvgustdа;
65.O‘zbеkistоndа gumаnitаr fаnlаr vа iqtisоdiy tаfаkkur rivоjigа kаttа hissа qo‘shgаn I.A.Kаrimоv 1994-yildа …;O‘zbеkistоn Fаnlаr akаdеmiyasining аkаdеmigi еtib sаylаndi.;O‘zbеkistоn Respublikasi Bosh qo‘mondoni etib tayinlandi;O‘zbеkistоn Respublikasi Bosh kotibi etib tayinlandi.;O‘zbеkistоnRespublikasigeneralietibtayinlandi;
66.I.A.Kаrimоv qachon“O‘zbеkistоn Qаhrаmоni” yuksаk unvоnigа sаzоvоrbo‘ldi?;1994-yilda;2000-yilda;1992-yilda;1995-yilda;
67.Inflatsiyaso‘zi ilk martaqaysidavlatdaishlatilgan?;Amerikada;Braziliyada;Italiyada;Rossiyada;
68.Inflatsiyaso‘ziqaysitildankiribkelganvaqandayma’nonianglatadi?;Lotintilidan, bo‘rtibchiqish;Lotintilidan, oqibtushish;Fransustilidan, qadrsizlanish;Ingliztilidan, o‘sish;
69.Yoyilishjoyigaqarabinflatsiyaningturiko‘rsatilganqatorni toping;Lokal, jahon;Ochiq, o‘rmalovchi;Yashirin, sakrabboruvchi;Sakrabboruvchi, giperinflatsiya;
70.Rivojlanishtavsifigaqarabinflatsiyaningturiko‘rsatilganqatorni toping.;Ochiq, yashirin;Ochiq, o‘rmalovchi;Sakrabboruvchi, giperinflatsiya;Lokal, jahon;
71.Giperinflatsiyanima?;Kreditlarfaqato‘ta qisqamuddatgaberiladi, aholipuldanqoshadi, pullar o‘ta qadrsizlanadi;Iqtisodiyinqiroz;Valuta bozoridaqadrsizlanganpulnimuomaladanchiqaraboshlaydi;Barchajavoblarto‘g‘ri;
72.Pulgato‘g‘rita’rifberilganqatorni toping. Pul…;Hammajavoblarto‘g‘ri;Hammaboshqatovarlarsingario‘ziningqiymatigaega;Hammaboshqatovarlarsingario‘zining iste’mol qiymatigaega;Hammaboshqatovarlaruchunumumiyekvivalentvazifasinibajaradi;
73.Pulo‘ztaraqqiyotidanechabosqichnibosibo‘tgan;4;2;3;6;
74.Inflatsiyanima?;Pulningqadrsizlanishi, bozorlardamuomaladagipulmablag‘larimiqdoriningtovarhajmidanustunligi, yuqoriligi;Aholining pul daromadni oshirishi;Hammaboshqatovarlarsingario‘zining iste’mol qiymatigaega;Foydaolishgayo‘naltirilganiqtisodiyjarayon;
75.Buyuk o‘zbek musavviri - Kamoliddin Behzod qachon va qayerda tug‘ilgan?;1455-yilda Hirotda;1501-yilda Hirotda;1324-yilda Gurganchda;1456-yilda Shoshd;
76.Behzodyetimqolgandankeyinunikimtarbiyasigaoldi?;Amir Ruhillo (MirakHaqqosh);Shoh Muzaffar;Qosim Ali;Alisher Navoiy;
77.Behzodmusavvirliknikimdano‘rgandi?;Pir Said Ahmad Tabriziydan;QosimAlidan;Mavlono Hakim Muhammaddan;NizomiyGanjaviydan;
78.Tarixda - “Behzodmaktabi” nimabilanbog‘liq?;miniaturasan’ati;rassomchiliksan’ati;hayotmanzaralari;naqqoshlik;
79.Behzodning ilk miniaturasiqaysiasargaishlangan?;ShayxSa’diyning “Bo‘ston”iga;Navoiyning “Xamsa”siga;NizomiyGanjaviyning “Xamsa”siga;XisravDehlaviyning “MajnunvaLayli” asariga;
80.“O‘zbekxalqmusiqasi” nomlibeshtomlikkitobningmuallifikim?;YunusRajabiy;O‘zbekxalqi;Behzod;Muhammad Yusuf;
81.YunusRajabiykimedi?;Xalqmadaniymerosinihurmatbilansaqlabkelgan, o‘zbekmusiqasiniyanadarivojlantirganakademik, haqiqiyolim;Mashxurarxitektor;Tarixchiolim;Ustozsan’atkorsifatidaMarkaziyOsiyo, Eron, Ozarbayjonvaboshqao‘lkalartasviriysan’atiningtaraqqiyotigasamaralita’siretgan, miniaturasan’atiniyangibosqichgako‘targanrassom;
82.Soddagapningbog‘lovchivositasiz, ohangyordamidabirikishidantuzilganqo‘shma gap qanday gap deyiladi?;bog‘lovchisizqo‘shma gap;murakkab gap;soddaqo‘shma gap;bog‘lovchiliqo‘shma gap;
83.Qo‘ngiroqchalindi, darsboshlandi. Bu qo‘shmagapdagisodda gap o‘zaroqandayohangyordamidabog‘langan?;sanashohangi;zidlovohangi;izohlashohangi;ma’qullashohangi;
84.Soddagapningbog‘lovchivositasiz, ohangyordamidabirikishidantuzilganqo‘shma gap ….. deyiladi.;bog‘lovchisizqo‘shma gap;bog‘lovchiliqo‘shma gap;ergash gap;ergashganqo‘shma gap;
85.Annotatsiyaqaysitildanolinganvaqandayma’nonianglatadi?;Lotincha, izoh, sharh;Yunoncha, o‘xshashlik;Lotincha, ishora, hazil;Yunoncha, qismlargaajratish;
86.Quyoshqiyomdanog‘ib mag‘ribgayonboshlagan, soyalaranchacho‘zilibqolgan, fursatdaPahlavonpoytaxtdagiengxushmanzaraDayrbekmahallasigakiribbordi. Ushbu gap qaysiuslubgaxos?;Badiiyuslubga;So‘zlashuvuslubiga;Publitsistikuslubga;Rasmiy-idoraviyuslubga;
87.Qonun matnlari, farmonlar, buyruqva shartnoma kabi ish qog‘ozlari qaysi uslubda yoziladi?;Rasmiy uslub;Ilmiy uslub;So‘zlashuv;Publitsistik uslub;
88.Farmoyishhujjatlarito‘g‘riberilganqatorni toping;Ko‘rsatma, buyruq, farmoyish, buyruqdanko‘chirma;Ishonchnoma, ma’lumotnoma;Ariza, bayonnoma, bildirishnoma;Tarjimayihol, tilxat, e’lon;
89.Turkiy o‘zbek tilining rivоjidа kimning hissаsi kаttа?;Аlishеr Nаvоiy;Аmir Tеmur;Аhmаd Yassаviy;Zахiriddin Muхаmmаd Bоbur;
90.Аrаb istilоsigаchа mаvjud bo‘lgаn yоzuvlаrdаn fоydаlаnish qachongacha qismаn sаqlаngаn?;XVI аsrgаchа;XXаsrgаchа;VI аsrgаchа;XI аsrgаchа;
91.Milоddаn аvvаlgi birinchi ming yillikning bоshlаridаn tо milоdimizning VII аsrigаchа, ya’ni аrаblаr istilоsigаchа, хаlqimiz qaysi yozuvidan kеng fоydаlаngаn?;Runik yоzuvidаn;Qаdimiy uyg‘ur yоzuvidаn;Avеstо yоzuvidаn;Qаdimgi Хоrаzm yоzuvidаn;
92.“Devonu lug‘atit turk” asarining muallifi kim?;Mahmud Qoshg‘ariy;Yusuf Xos Hojib;Ahmad Yugnakiy;Alisher Navoiy;
93.Yusuf Xos Hojib qaysiasarningmuallifi?;Qutadg‘u bilig;Hibbatul haqoyiq;Devonu lug‘atit turk;Xamsa;
94.O‘zbektiliqaysitillaroilasigakiradi;Oltoytillaroilasiningturkiyturkumiga;Hind-yevropatillarioilasiningeronturkumiga;Hind-yevropatillarioilasiningslavyantillariturkumiga;Oltoytillaroilasiningeronturkumiga;
95.O‘rtа Оsiyodа eng qаdimgi оdаm qоldiqlаri qаyеrdаn tоpilgаn?;Sеlеng‘ur g‘оri (Fаrg‘оnа);Tеshiktоsh g‘оri (Surхоndаryo);Оhоngаrоn vоdiysi;odаm qоldiqlаri tоpilmаgаn;
96.Fаqаt O‘rtа Оsiyolik аllоmаlаr bеrilgаn qаtоrni tоping;Imоm аl-Buхоriy, Mirzо Ulug‘bеk,Mахmud Qоshg‘аriy;Mirzо Ulug‘bеk, Forоbiy, Qul Аli;Аbilqоsim Firdаvsiy, Qul Аli, Аlishеr Nаvоiy;Аhmаd Yassаviy, Imоm аt-Tеrmiziy, Zаmахshаriy;
97.Mustаqillikdаn so‘ng, eng аvvаlо, qаndаy ishlаr аmаlgа оshirildi;Mulk munоsаbаtlаri chuqur islоh qilindi;Pul islоhоti o‘tkаzildi;Dеhqоnlаrgа yеr bеrildi, mulk munоsаbаtlаri chuqur islоh qilindi;Sоliq tizimi islоh qilindi;
98.O‘zbеkistоn Rеspublikаsi Qurоlli Kuchlаrining Оliy Bоsh Qоmоndоni kim?;O‘zbеkistоn Rеspublikаsi Prеzidеnti;O‘zbеkistоn Rеspublikаsi Bоsh Vаziri;Mudоfаа Vаziri;Ichki Ishlаr Vаziri;
99.O‘rtа Оsiyo tаriхidаgi birinchi аkаdеmiyaning tаshkil etilishidа qаysi sulоlа muhim аhаmiyatgа egа?;Mа’muniylаr;Sаljuqiylаr;Аhmоniylаr;Tеmuriylаr;
100.O‘zbekistonRespublikasiningkonstitutsiyasiqachonqabulqilindi?;1992-yilning 8-dekabrida;1991-yilning 8-dekabrida;1993-yilning 18-dekabrida;1991-yilning 8-sentabrida;
101.Mehnat mahsuli, faqat, o’ziga, talab so’zlarining rus tilidagi tarjimasini toping;плоды труда, только, самому, требование;стремление, самому;только, тогда, поиск;цель, поиск, вообще;
102.–larqo’shimchasininghurmatma’nosidaqo’llanilganso’znitoping;bolalar, kitoblar;oуimlar, dadamlar;keldilar, tarvuzlar;bo’g’lar, tog’lar;
103.Kasb hunarga oid so’zlarning qo’shimchalarini belgilang;–chi; -kar; - shunos; -bon; -so’z;–li; - dosh; - ga;;– ning;  -ni; - da;			;– dan;  -siz;  - im;;
104.Shaxsni xarakter xususiyatiga ko’ra ta’riflanadigan so’zlar qatorni belgilang;kamtar, halol;ulkan, katta;chiroyli, baland;keng, matn;
105.Ijobiy xususiyatlar to’g’ri ko’rsatilgan qatorni belgilang.;bilimdon, mehmondo’st;xasis, qo’pol;badjahl, ishchan;johil, kamtar;
106.Salbiy xususiyatlar to’g’ri ko’rsatilgan qatorni belgilang?;dag’al, urushqoq;hushyor, xhaqqon;mehribon, aqlli;o’quvchi, mehribon;
107.Taxminiy vaqt to’g’ri ko’rsatilgan qatorni belgilang?;soat beshlarda;darsga keldi;dars boshlandi;uyning shiftida;
108.Chiqmoq - so’ziga mos keladigan predmet bildiruvchi so’zni toping?;quyosh;yong’oq;do’l;bulut;
109.Chaqdi - so’ziga mos keladigan predmetni bildiruvchi so’zni toping?;chaqmoq;momaqaldiroq;quyosh;bulut;
110.Sifat berilgan qatorni belgilang?;chiroyli;ishladi;men;ko’rdi;
111.be – qo’shimchasini qo’shib bo’lmaydigan so’zni toping;vijdon;vaqt;sabab;ayb;
112.Berilgan so’zlarga –li, -siz qo’shimchalarini qo’shi mumkin bo’lgan qatorni toping?;aql, farosat, unum;kuch, odob, obod;e’tibor, gul, bozor;maza, davlat, faqat;
113.Qaysi qatorda maqol berilmagan?;Dono bajarar ishni, nodon sindirar tishini;Hurmat qilsang , hurmat ko’rasan;Kamtarlik ko’kka ko’tarar, manmanlik yerga kiritar;Kelajak biz yoshlar qo’lida;
114.Ushbu gapni davom ettiring. Oila ahil bo’lsa………..;Omad o’z oyog’I bilan keladi;Baraka tejamkorlikda;Tusharsan tuzoqqa;Yomon kishining og’zidan albatta, yomon so’z chiqadi;
115.Ushbu so’zningto’g’ri tarjimasini toping.SAXIY;щедрый;раздавать      ;молодцы              ;молитва;
116.Nuqtalaro’rninito’ldiring.  Rejalarimizamalgaoshmasa …..;bo’lmaydi ;kerak;lozim;mumkin;
117.Qaysiqatorda maqol berilgan?;Ishlamagan tishlamas,Ishyoqmasga baxt kulmas;Men bugun darsga bormadim;Qat-qat to’nli ,qarich bo’yli;Har doim bo’lsin onam.;
118.Berilgan so’zning to’g’ri tarjimasini toping.      УДИВИТЕЛЬН;ajib;zamin;ummon;buloq;
119.Nuqtaaro’rninito’diring. …….. yulduzlar;osmonda charaqlagan;mayinesgan;ko’kkabo’ycho’zgan;bulutlar bilan tutashgan.;
120.Qaysi qatorda maqol berilgan?;O’qigan-guliston, o’qimagan go’riston.;Shaharda ham ,qishloqda ham qurilishko’p;Barcha xalqar tinchlik to’kinlik hamjihatlikni sevadilar;Men darsni puxta qildim;
121.Berilgan so’zning to’g’ri tarjimasini toping.	TAROVAT;прелестью;убеждeние            ;совсем      ;страстный             ;
122.”Onatilimo’lmaydi” she’riqaysishoirqalamigamansub?;E.Vohidov;G’.G”ulom;Zulfiya;A.Oripov;
123.Berilgan maqolni to’ldiring.  Ko’p o’qigan  olim bo’lsa…….;Ko’pni ko’rgan  dono bo’lar;Qilmaganni qildim dema;Ishlamagan tishlamas;Ishyoqmasga baxt kulmas;
124.Berilgan so’zning to’g’ri tarjimasini toping.  ОБЕСЦЕНЕННЫЙ;beqadr;jom            ;aqida;hayhot;
125.Qaysi javobda sifatdosh berilgan?;jihozlangan uy;baland bino        ;bizning maktab       ;shirin olma;
126.Nuqtalar o’rniga kerakli so’zni qo’ying Kompyuter …..til o’rganish mumkin;yordamida;asosida        ;bilan            ;aloqada;
127.Nuqtalar  o’rnini to’ldiring. Qiyin bo’lsa ham………;marraga yetib bordi;uddalay olmadi    ;qo’shiq aytolmadi    ;vazifani bajara olmadi;
128.Televideniye birinchi marta qayerda ixtiro qilingan?;Toshkentda;Londonda;Moskvada        ;Parijda      ;
129.Nuqtalar o’rnini to’ldiring.  Bolalar …..chapak  chalib yubordilar.;sevinganidan;qo’rqqanidan        ;dahshatli tovushdan     ;shunchaki;
130.«Insoniyat taqdiri» birikmasining rus tilidagi to‘g‘ri tarjimasini toping.;судьба человечества;душа человечества;человеческое сознание;судьба человека;
131.Sodda gap berilgan qatorni aniqlang;Ko’chatlar ekildi;Ko’z qo’rqoq----qo’l botir.;Ona biladiki,endi har nahor butun vatan bo’ylab to’lishar bahor;Bilasanmi,do’stim, bu yerda mo’jizalar yaratish mumkin;
132.Quyidagilarning qaysi biri soda gap?;Quyosh nuri iflos joyga tushgani bilan qadrsizlanmaydi.;Baxt-iqbol sekinlik bilan , baxtsizlik esa tez keladi;Bahor keldi va atrof yam-yashil bo’ldi;Insonlarda umid bo’lmasa  edi, hayot lazzati yo’qalardi;
133.Quyidagi gapning to‘g‘ri tarjimasini belgilang. В нашей стране много красивых городов.;Bizning mamlakatimizda chiroyli shaharlar ko‘p;Bizning mamlakatimizda chiroyli shaharlar bor;Bizning mamlakatimizda chiroyli shaharlar anchagina;Mamlakatimiz chiroyli shaharlarga boy;
134.So’roqgapberilganqatornitoping;Qaysi yozuvchilarni taniysiz;Bukitoblarnio’qibchiqqanman;Harkimekkaninio’radi;O’zigaboqma, so’zigaboq;
135.Men ukamdan tez-tez xat olib turaman - jumlasining rus tilidagi muqobilini toping.;Я часто получаю письмо от младшего брата.*;Я только что получил письмо от младшего брата.;Я не часто получаю письмо от брата.;Я от старшего брата получил письмо.;
136.Modal so’z qatnashgangapni toping.;Albatta, men orzuyimga erishaman.;Yur,senda gaapim bor;Kelaman, qaytib kelaman, meni kut.;Buyur, tog’a. Nima xizmat?		;
137.Nuqtalar o’niga kerakli modal so’zni qo’ying.;……,xorda kuylash uchun ovoz kerak.;Albatta;demak;mayli;xo’p;
138.Qaysi qatorda maqol berilgan;Bilmaganni so’rab o’rgangan olim, orlanib so’ramagan o’ziga zolim;Hozir o’lkazmida kuz fasli;O’zbekistonda mevalar g’arq pishgan;Men nechun sevaman O’zbekistonni;
139.O’zbek tiliga qachan davlat tili maqomi berilgan?;1989 yik 21 oktabr;1988 yik 21 oktabr;1990 yil 2 noyabr;1997 yil 29 avgust;
140.”Ibrat” so’ziningtarjimasinianiqlang.;Пример;правильно     ;поколение;племя;
141.Ushbumaqolnimahaqida?    Kimko’po’qisa ,o’shako’pbila;Bilim haqida;An’anahaqida;Odobhaqida;Baxthaqida;
142.So’roq gap  berilgan qatorni belgilang;Sen bahorni sog’inmadingmi;Har kim ekkanini o’radi;O’ziga boqma , so’ziga boq;Bu kitoblarni o’qib chiqqanman;
143.Quyidagi so’zlardan gapda so’z tartibiga e’tibor berib gap tuzing.  ;.biri, go’zal, kuzdir, yilning , eng fasllaridan   ;Yilning eng go’zal fasllaridan biri - kuzdir.;Eng  go’zal fasllardan biri - kuzdir.;Go’zal fasllardan biri - kuzdir;Kuz  eng  go’zal fasllardan biridir.;
144.Sodda gap berilgan qatorni aniqlang;Ko’chatlar ekildi;Ko’z qo’rqoq-qo’l botir;Ona biladiki,endi har nahor butun vatan bo’ylab to’lishar bahor.;Bilasanmi,do’stim, bu yerda mo’jizalar yaratish mumkin.;
145.Gapning to‘g‘ri tarjimasini toping. Несмотря на то, что наступила темнота, мы продолжали идти в перед;Kech kirishiga qaramay biz yo‘limizda yurishda davom etdik.;Biz kech kirgan bo‘lsa ham yurishda davom etdik.;Kech kirishiga qaramay biz olg‘a yurdik;Kechqurun bo‘lishiga qaramay biz yurishda davom etdik;
146.DONO so’zining to’g’ri tarjimasini toping.;мудрый;стыд  ;деспот;верность        ;
147.Berilgan gapni davom ettiring  . Yaxshilik istasang,……;yaxshilarga qo’shil;yamonlik ham qilma;rohat bo’lmaydi;elga e’tiborsiz;
148.Berilgan so’zning to’g’ri tarjimasini toping. MUQADDAS;священный;пример             ;традиция    ;предки            ;
149.Maqolni tarjima qiling va gapdagi egani toping. “Одинокий конь - не табун, один человек - не народ”.;Yolg‘iz ot poda emas, bir kishi xalq emas; ot, kishi;Yolg‘iz ot poda emas, yolg‘iz kishi xalq emas; poda, kishi.;Bitta ot poda emas, bir kishi xalq emas; poda, xalq;Yolg‘iz ot poda emas, bir kishi xalq emas; yolg‘iz ot , bir kishi;
150.So’roq gap berilgan qatorni toping;Qaysi yozuvchilarni taniysiz.;Bu kitoblarni o’qib chiqqanman;Har kim ekkanini o’radi;O’ziga boqma, so’ziga boq;
151.Sodda gap berilgan qatorni toping;Ko’chalar bezatildi;Gap tashish yomon illat,shuning uchun tilga ehtiyot bo’lish kerak;Hurmat qilsang ,hurmat ko’rasan;Osmonni qora bulut qopladi ,lekin yomg’ir yog’madi.;
152.To‘g‘ri tarjima qilingan gapni toping. 12-го апреля 1961-го года произошло событие, которое взволновало весь мир – в космос поднялся человек;1961-yilning 12-aprelida olamni hayajonga solgan voqea sodir bo‘ldi – koinotga inson ko‘tarildi;1961-yil 12-aprelda olamni hayajonga solgan voqea – bu koinotga odam ko‘tarilganidir;12-aprel 1961-yilda olamni larzaga slogan voqea sodir bo‘ldi – fazoga odam ko‘tarildi ;1961-yilning 12-aprelida koinotga inson ko‘tarildi – bu voqea hammani hayajonga soldi;
153.Nuqtalar o’rniga kerakli so’zni qo’ying O’zbekiston kelajagi….davlat;buyuk;katta        ;sevimli         ;keng;
154.XAYRLI so’zining to’g’ri tarjimasini toping;благотворительный;пример;предки;решать;
155.”VATANIM’ she’rining muallifi kim?;Muhammad Yusuf;Hamid Olimjon     ;Zulfiya     ;G’afur G’ULOM;
156.Nuqtalar o’rniga kerakli so’zni qo’ying   O’zbek xalqi oilani…. deb biladi;Muqaddas;Mehrli               ;G’o’zal             ;mehribon        ;
157.His-hayajon gap qatnashgangap qatorini toping;O,naqadar go’zal bu olam;Haqiqiy do’st qanday bo’lishi kerak.;So’nggi pushaymon , o’zingga dushman.;Kelajakda yaxshi inson bo’lsam;
158.Tilak va istak ma’nosi qaysi gapdan anglashilmoqda?          ;Ey farzand,yaxshilik qil va qilgan yaxshiligingni hargiz, pushaymon bo’lmagin;Ey, bormisisiz do’stim;So’zlang,inim, yurtda qanday xabarlar bor?;Iya,siz ketmaysizmi,aya.;
159.Nuqtalar o’niga kerakli modal so’zni qo’ying.;……,xorda kuylash uchun ovoz kerak.;Albatta;demak;xo’p;mayli;
160.Qaysi qatorda maqol berilgan;Bilmaganni so’rab o’rgangan olim, orlanib so’ramagan o’ziga zolim;Men nechun sevaman O’zbekistonni.;O’zbekistonda mevalar g’arq pishgan;Hozir o’lkazmida kuz fasli;
161.O’zbek tiliga qachan davlat tili maqomi berilgan?;1989 yik 21 oktabr;1988 yik 21 oktabr;1990 yil 2 noyabr;1997 yil 29 avgust;
162.Quyidagi soʻzlarning qaysi birida chiziqcha notoʻgʻri qoʻllangan?;o‘g‘lim-ey;ko‘chama-ko‘cha;yam-yashil;dar-badar;
163.… ish to‘g‘ri yo‘lga qo‘yilgan bo‘lsa, … rivojlanish bo‘ladi. Nuqtalar o‘rniga nisbiy so‘zlardan mosini qo‘ying.;qayerda, o‘sha yerda;qachon, o‘shanda;kim, o‘sha;qayerga, o‘sha yerga;
164.Tire to‘g‘ri qo‘llangan gapni aniqlang.;Har narsaga qiziqish – biz uchun eski odat;Sharifa – ham to‘quvchi;Ko‘ylakning rangi – sariq;Maqsadim – o‘qimoq edi;
165.“Yuvosh” ma’nosini beradigan iborani aniqlang.;qo‘y og‘zidan cho‘p olmagan;ko‘zini yog‘ bosgan;igna teshigidan o‘ta oladigan;yulduzni benarvon uradigan;
166.Berilgan gaplarning qaysi birida turg‘un birikma (ibora) ishtirok etgan?;Yakka qolgan Hasanboy vijdon azobida o‘z yog‘ida qovurildi;Semiz qo‘y go‘shti o‘z yog‘ida qovurildi;Shifokor dorini bolaning qulog‘iga quydi;Yigit oqimga qarshi suzib, ariqning boshiga yetdi;
167.To‘g‘ri yozilgan so‘zlar qatorini toping.;harakat, mahsulot, xulosa;xushyor, saxiy, mahsulot;xozirjavob, hurmatli, sahiy;xushyor, saxna, hukm;
168.Notoʻgʻri yozilgan soʻzlar qatorini toping.;johil, jabha, fol;goh, ahl, fil, lof;daf, lof, kafil, did;joxil, jabxa, gox, axl;
169.Toʻgʻri yozilgan soʻzlar qatorini toping.;havaskor, ma’raka, kasalxona;dexqon, gavhar, hadiklanmoq;doʻstona, gavhar, xavaskor;xoʻplamoq, maʻraka, kasalhona;
170.Toʻgʻri yozilgan soʻzlar qatorini toping.;Sayyora-Сайёра, dunyo – дунё; Aliyev – Алиев;yetti – етти, Aliev – Алиев; yozuv – ёзув;;buyuk – буюк; yagona – ягона, oktyabr – октябр;tayanch-таянч, tuya – туя, Valiev - Валиев.;
170.Qay biri to‘g‘ri yozilgan? ;ko‘nikkach, ukamning daftari, kichikkina;Kichikgina, qishloqgacha, orzum;keldila, toqqa, orzuyim;Toshkenttan, tog‘ga, ukamni daftari;
171.Nuqtalar o‘rnida “h” harfi yoziladigan so‘zlar…;e…timol, …ozirjavob, ma…sulot;…ullas, osh…ona, …ayolparast; …ukm, …ushyor, sa…na;…indiston, a…loq, …ulosa;
172.Nuqtalar o‘rnida “x” harfi yoziladigan so‘zlarni toping.;mu…lis, …alqparvar, …abar;podsho…, ma…sulot, …ech qachon;…uquq, …oroz, …asad;ba…il, sa…iy, …osil;
173.To‘g‘ri yozilgan so‘zlar qatorini toping.;voqea, tabiat, dialog;million, tabiyat, diyalog;shariat, mushaira, doyim;shoyir, maishiy, laureat;
174.Qaysi qatorda bosh harflar bilan bogʻliq xato mavjud?;Yurtimizda Navroʻz bayrami keng nishonlanadi.;“Oʻzbekiston ovozi” gazetasida bosilgan maqola koʻpchilikda yaxshi taassurot qoldirdi.;Quyosh atrofida yer bir yilda bir marta aylanib chiqadi.;Ichki ishlar vazirligida yig‘ilish boʻldi.;
175.Qaysi qatordagi soʻz qoʻshib yozilmaydi?;Qay kuni;Bir pas;Bir oz;Bira toʻla;
176.Toʻgʻri yozilgan soʻzni toping.;Tomosha;Qovin;Shamba;Halq;
177.Ikkinchi bog‘inida “u” qatnashadigan soʻzlarni toping;Kunjit;Muqim;Muhim;Mumkin;
178.Imloviy jihatdan toʻgʻri yozilgan soʻzni aniqlang;Xokkey;Hatti-harakat;Hol-axvol;Ahloq;
179.Qaysi qatorda undoshi xato qo‘llangan?;hokkey;hasad;mehnatkash;hovuz;
180.Berilgan qaysi soʻzda tutuq belgisi nooʻrin qoʻllangan?;Masʼud;Ma’sul;Maʼmur;Taʼm;
181.Berilgan so‘zlarning antonimini aniqlang.uzoq, yorug‘, baxil, qiyin.;yaqin, qorong‘u, saxiy, oson.;yaqin, qorong‘u, badjahl, oson.;yaqin, qorong‘u, badjahl, mushkul.;yaqin, qorong‘u, samimiy, murakkab;
182.Qaysi qatordagi so‘zda imlo xato mavjud?;tuproqi;huquqi;idroki;axloqi;
183.Qaysi qatordagi so‘zda imlo xato mavjud?;mualif;muattar;soat;maosh;
184.Ommaviy axborot vositalari uslubi qanday uslub sanaladi?;publitsistik uslub;ilmiy uslub;badiiy uslub;rasmiy uslub;
185.Ariza, dalolatnoma, taklifnoma, qaror singari ish yuritish qog‘ozlari qaysi nutq uslubiga mansub?;rasmiy uslub;publitsistik uslub;ilmiy uslub;badiiy uslub;
187.Quyidagi so‘z birikmalarining to‘g‘ri tarjimasini toping. Тёплая вода, горький перец, прочная нитка, интересный рассказ;Iliq suv, achchiq qalampir, pishiq ip, qiziq hikoya;Issiq suv, achchiq qalampir, uzilmas ip, qiziq suhbat;Iliq suv, achchiq qalampir, mustahkam ip, qiziq suhbat;Issiq suv, achchiq garmdori, uzilmas ip, qiziq tarix;
188.Rus tilida “мечтачеловека” birikmasining tarjimasi qaysi qatorda to‘g‘ri berilgan?;inson orzusi;inson va orzu  ;insonda orzu;insoniy orzu;
190.Quyidagi gapning to‘g‘ri tarjimasini belgilang. В нашей стране много красивых городов.;Bizning mamlakatimizda chiroyli shaharlar ko‘p;Bizning mamlakatimizda chiroyli shaharlar bor.;Bizning mamlakatimizda chiroyli shaharlar anchagina.;Mamlakatimiz chiroyli shaharlarga boy;
191.Gapning to‘g‘ri tarjimasini toping. Несмотря на то, что наступила темнота, мы продолжали идти в перед.;Kech kirishiga qaramay biz yo‘limizda yurishda davom etdik.;Kech kirishiga qaramay biz olg‘a yurdik.;Kechqurun bo‘lishiga qaramay biz yurishda davom etdik.;Biz kech kirgan bo‘lsa ham yurishda davom etdik. ;
192.To‘g‘ri tarjima qilingan gapni toping. В химической лаборатории есть все необходимые для работы приборы.;Kimyo laboratoriyasida ish uchun zarur bo‘lgan barcha jihozlar bor;Kerakli аsbob-uskunalarni kimyo laboratoriyasida topish mumkin;Kimyo laboratoriyasidagi barcha jihozlar keraklidir;Kimyo laboratoriyasidagi tajribalar uchun hamma jihozlar zarur;
194.Рапорт so‘zining o‘zbekcha muqobilini toping.;bildirishnoma;taqdimnoma;tavsifnoma;dalolatnoma;
195.Характеристика so‘zining o‘zbekcha muqobilini toping.;tavsiyanoma;tavsifnoma;taqdimnoma;so‘rovnoma;
196.Quyidagi gapning to‘qri tarjimasini toping. У природы есть законы, которые никому не подчиняются, ни от кого не зависят.;Tabiatda hech kimga bo‘ysunmaydigan va hech kimga taqqoslab bo‘lmaydigan qonunlari bor;Tabiatning hech kimga bo‘ysunmaydigan va hech kimga bog‘liq bo‘lmagan qonunlari ko‘p;Tabiatning hech narsaga moslashtirib bo‘lmaydigan va qiyin bo‘lgan qonunlari ko‘p;Tabiatning hech kimga bo‘ysunmaydigan va hech kimga bog‘liq bo‘lmagan qonunlari bor;
197.Berilgan gapning to‘g‘ri tarjimasini toping. Mening opam katta fabrikada ishlaydi.;Моя сестра работает на большой фабрике;Моя сестра работает в большой фабрике;Моей сестре нравится работать на большой фабрике.;Моя сестра работает в маленькой фабрике.;
198.Berilgan gapning to‘g‘ri tarjimasini toping. Fabrikada uni hamma taniydi va hurmat qiladi.;На фабрике все её знают и уважают;В фабрике все её знают и уважают.;На фабрике её знают многие и очень уважают.;На фабрике она знает всех и очень всех уважает.;
199.Berilgan gapning to‘g‘ri tarjimasini toping. Fabrikaning devoriy gazetasida men opam haqida maqolani ko‘rdim. ;На стенгазете фабрики я увидел статью о своей сестре;Для фабричной стенгазеты была написана статья о моей сестре.;На фабричной стенгазете была статья о моей сестре.;Для стенгазеты фабрики я написал статью о своей сестре.;
200.Berilgan gapning to‘g‘ri tarjimasini toping. Men o‘zimning opam bilan faxrlanaman.;Я горжусь своей сестрой;Все гордятся моей сестрой.;Меня берёт гордость за свою сестру.;Я со своей сестрой очень горжусь.;O’zbek tili fanidan testlar;